org,repo,user,commits,commit_history,pull_requests,issues,reviews,languages
lappis-unb,lappis_vimrc,seocam,32,"{'2015-09': 8, '2015-07': 1, '2015-06': 1, '2015-05': 1, '2015-04': 9, '2015-01': 1, '2014-07': 1, '2014-01': 2, '2013-11': 4, '2012-02': 4}",0,0,0,"Vim Script, Python, Shell, Makefile, Ruby"
lappis-unb,lappis_vimrc,rodrigosiqueira,26,"{'2015-11': 3, '2015-10': 11, '2015-09': 5, '2015-05': 3, '2015-01': 4}",0,0,0,"Vim Script, Python, Shell, Makefile, Ruby"
lappis-unb,lappis_vimrc,chocoelho,15,"{'2015-10': 8, '2015-01': 7}",0,0,0,"Vim Script, Python, Shell, Makefile, Ruby"
lappis-unb,chef-lappis,paulohtfs,33,"{'2016-12': 1, '2016-11': 7, '2016-10': 11, '2016-09': 6, '2016-08': 8}",0,0,0,"Ruby, Shell, HTML"
lappis-unb,chef-lappis,MatheusMiranda,25,"{'2017-11': 1, '2017-07': 2, '2017-03': 5, '2017-05': 1, '2017-04': 2, '2017-01': 14}",0,11,0,"Ruby, Shell, HTML"
lappis-unb,chef-lappis,ArthurJahn,8,"{'2016-10': 2, '2016-09': 4, '2016-08': 2}",0,0,0,"Ruby, Shell, HTML"
lappis-unb,chef-lappis,knelasevero,7,"{'2016-08': 1, '2016-07': 6}",0,0,0,"Ruby, Shell, HTML"
lappis-unb,chef-lappis,MaxAlmeida,7,"{'2016-04': 6, '2016-03': 1}",0,0,0,"Ruby, Shell, HTML"
lappis-unb,chef-lappis,jessicacris,4,{'2016-04': 4},0,0,0,"Ruby, Shell, HTML"
lappis-unb,chef-lappis,gabrielssilva,1,{'2016-11': 1},0,0,0,"Ruby, Shell, HTML"
lappis-unb,chef-lappis,luanguimaraesla,1,{'2017-09': 1},0,0,0,"Ruby, Shell, HTML"
lappis-unb,chef-lappis,navarrovmn,1,{'2017-07': 1},0,27,0,"Ruby, Shell, HTML"
lappis-unb,cs-server,fabiommendes,36,"{'2017-04': 8, '2017-03': 28}",0,0,0,"JavaScript, Python, CSS, HTML, Nginx, C"
lappis-unb,radar-lappis,fabiommendes,2,{'2017-07': 2},0,0,0,
lappis-unb,radar-lappis,RochaCarla,2,{'2017-08': 2},0,0,0,
lappis-unb,cs-front,fabio1079,13,"{'2017-09': 2, '2017-08': 11}",0,1,1,"Elm, CSS, JavaScript, HTML"
lappis-unb,EcossistemasSWLivre,RochaCarla,82,"{'2019-11': 7, '2019-10': 16, '2019-09': 10, '2019-08': 1, '2019-07': 9, '2019-06': 1, '2019-04': 3, '2018-12': 1, '2018-10': 2, '2018-08': 2, '2018-07': 2, '2018-05': 6, '2018-04': 10, '2018-01': 8, '2017-10': 4}",3,24,0,"TeX, Jupyter Notebook, CSS, JavaScript, Makefile, Python, Shell"
lappis-unb,EcossistemasSWLivre,joenio,38,"{'2019-10': 3, '2019-09': 4, '2019-07': 2, '2018-12': 2, '2018-08': 3, '2018-06': 4, '2018-05': 12, '2018-04': 2, '2018-02': 2, '2018-01': 4}",0,34,0,"TeX, Jupyter Notebook, CSS, JavaScript, Makefile, Python, Shell"
lappis-unb,EcossistemasSWLivre,ricardopoppi,11,"{'2020-01': 1, '2019-12': 5, '2019-07': 4, '2019-04': 1}",0,9,0,"TeX, Jupyter Notebook, CSS, JavaScript, Makefile, Python, Shell"
lappis-unb,EcossistemasSWLivre,joaaogui,9,"{'2019-10': 1, '2019-09': 5, '2017-10': 3}",0,0,0,"TeX, Jupyter Notebook, CSS, JavaScript, Makefile, Python, Shell"
lappis-unb,EcossistemasSWLivre,fabiommendes,8,"{'2019-11': 4, '2017-10': 4}",0,0,0,"TeX, Jupyter Notebook, CSS, JavaScript, Makefile, Python, Shell"
lappis-unb,EcossistemasSWLivre,renatocoral,6,{'2019-10': 6},3,3,0,"TeX, Jupyter Notebook, CSS, JavaScript, Makefile, Python, Shell"
lappis-unb,EcossistemasSWLivre,guilacerda,5,"{'2019-10': 2, '2019-07': 3}",2,2,0,"TeX, Jupyter Notebook, CSS, JavaScript, Makefile, Python, Shell"
lappis-unb,EcossistemasSWLivre,arthurTemporim,4,{'2017-10': 4},0,0,0,"TeX, Jupyter Notebook, CSS, JavaScript, Makefile, Python, Shell"
lappis-unb,EcossistemasSWLivre,BrunaNayara,4,{'2019-07': 4},0,0,0,"TeX, Jupyter Notebook, CSS, JavaScript, Makefile, Python, Shell"
lappis-unb,EcossistemasSWLivre,navarrovmn,3,{'2017-10': 3},0,0,0,"TeX, Jupyter Notebook, CSS, JavaScript, Makefile, Python, Shell"
lappis-unb,EcossistemasSWLivre,victorcmoura,3,"{'2019-10': 1, '2019-09': 2}",2,2,0,"TeX, Jupyter Notebook, CSS, JavaScript, Makefile, Python, Shell"
lappis-unb,EcossistemasSWLivre,MatheusMiranda,3,{'2017-10': 3},0,6,0,"TeX, Jupyter Notebook, CSS, JavaScript, Makefile, Python, Shell"
lappis-unb,EcossistemasSWLivre,LucianoPC,3,{'2018-04': 3},0,0,0,"TeX, Jupyter Notebook, CSS, JavaScript, Makefile, Python, Shell"
lappis-unb,EcossistemasSWLivre,fabio1079,3,"{'2018-01': 2, '2017-11': 1}",1,3,0,"TeX, Jupyter Notebook, CSS, JavaScript, Makefile, Python, Shell"
lappis-unb,EcossistemasSWLivre,joaovitor3,2,{'2019-10': 2},1,1,0,"TeX, Jupyter Notebook, CSS, JavaScript, Makefile, Python, Shell"
lappis-unb,EcossistemasSWLivre,marlonguimaraes,2,{'2018-01': 2},2,2,0,"TeX, Jupyter Notebook, CSS, JavaScript, Makefile, Python, Shell"
lappis-unb,EcossistemasSWLivre,brunapinos,1,{'2017-10': 1},0,0,0,"TeX, Jupyter Notebook, CSS, JavaScript, Makefile, Python, Shell"
lappis-unb,EcossistemasSWLivre,edsonma,1,{'2017-11': 1},0,0,0,"TeX, Jupyter Notebook, CSS, JavaScript, Makefile, Python, Shell"
lappis-unb,EcossistemasSWLivre,Duerno,1,{'2018-04': 1},0,8,0,"TeX, Jupyter Notebook, CSS, JavaScript, Makefile, Python, Shell"
lappis-unb,salic-br,fernao,846,"{'2017-05': 20, '2017-04': 69, '2017-03': 74, '2017-02': 9, '2017-01': 11, '2016-12': 34, '2016-11': 28, '2016-10': 33, '2016-09': 55, '2016-08': 68, '2016-07': 75, '2016-06': 48, '2016-05': 50, '2016-04': 66, '2016-03': 18, '2016-02': 86, '2016-01': 102}",0,0,0,"PHP, HTML, JavaScript, CSS, C, Roff, ASP, Makefile, Batchfile, PowerShell, Shell"
lappis-unb,salic-br,wouerner,616,"{'2017-05': 13, '2017-04': 78, '2017-03': 85, '2017-02': 30, '2017-01': 86, '2016-12': 50, '2016-11': 36, '2016-10': 72, '2016-09': 77, '2016-08': 38, '2016-07': 24, '2016-06': 24, '2016-05': 3}",0,0,0,"PHP, HTML, JavaScript, CSS, C, Roff, ASP, Makefile, Batchfile, PowerShell, Shell"
lappis-unb,salic-br,oviniciusfeitosa,585,"{'2017-10': 86, '2017-09': 73, '2017-08': 68, '2017-07': 3, '2017-06': 20, '2017-05': 38, '2017-04': 12, '2017-03': 10, '2017-02': 38, '2017-01': 66, '2016-12': 63, '2016-11': 51, '2016-10': 33, '2016-08': 24}",0,0,0,"PHP, HTML, JavaScript, CSS, C, Roff, ASP, Makefile, Batchfile, PowerShell, Shell"
lappis-unb,salic-br,clebersantos,481,"{'2017-05': 10, '2017-04': 94, '2017-03': 88, '2017-02': 45, '2017-01': 91, '2016-12': 50, '2016-11': 58, '2016-10': 45}",0,0,0,"PHP, HTML, JavaScript, CSS, C, Roff, ASP, Makefile, Batchfile, PowerShell, Shell"
lappis-unb,salic-br,Pedro-Philipe,281,"{'2017-01': 9, '2016-12': 43, '2016-11': 13, '2016-10': 9, '2016-09': 5, '2016-08': 29, '2016-07': 13, '2016-06': 27, '2016-05': 20, '2016-04': 25, '2016-03': 24, '2016-02': 42, '2016-01': 22}",0,0,0,"PHP, HTML, JavaScript, CSS, C, Roff, ASP, Makefile, Batchfile, PowerShell, Shell"
lappis-unb,salic-br,ruyjfs,257,"{'2017-03': 9, '2017-02': 9, '2017-01': 29, '2016-12': 29, '2016-11': 20, '2016-10': 40, '2016-09': 45, '2016-08': 76}",0,0,0,"PHP, HTML, JavaScript, CSS, C, Roff, ASP, Makefile, Batchfile, PowerShell, Shell"
lappis-unb,salic-br,rafaeljcg20,53,"{'2017-04': 1, '2016-10': 1, '2016-09': 11, '2016-08': 13, '2016-07': 3, '2016-06': 23, '2016-05': 1}",0,0,0,"PHP, HTML, JavaScript, CSS, C, Roff, ASP, Makefile, Batchfile, PowerShell, Shell"
lappis-unb,salic-br,g-adler,32,"{'2016-12': 9, '2016-11': 5, '2016-10': 7, '2016-09': 11}",0,0,0,"PHP, HTML, JavaScript, CSS, C, Roff, ASP, Makefile, Batchfile, PowerShell, Shell"
lappis-unb,salic-br,jorgeluizjr,11,"{'2016-10': 2, '2016-08': 1, '2016-07': 8}",0,0,0,"PHP, HTML, JavaScript, CSS, C, Roff, ASP, Makefile, Batchfile, PowerShell, Shell"
lappis-unb,salic-br,brunapinos,8,{'2017-10': 8},1,1,0,"PHP, HTML, JavaScript, CSS, C, Roff, ASP, Makefile, Batchfile, PowerShell, Shell"
lappis-unb,salic-br,samisan1122,8,{'2016-01': 8},0,0,0,"PHP, HTML, JavaScript, CSS, C, Roff, ASP, Makefile, Batchfile, PowerShell, Shell"
lappis-unb,salic-br,chris-redfield,1,{'2016-12': 1},0,0,0,"PHP, HTML, JavaScript, CSS, C, Roff, ASP, Makefile, Batchfile, PowerShell, Shell"
lappis-unb,docker-salic-br,oviniciusfeitosa,55,"{'2017-10': 1, '2017-09': 14, '2017-08': 12, '2017-07': 2, '2017-06': 11, '2017-05': 1, '2017-04': 2, '2017-03': 2, '2017-02': 10}",0,0,0,Shell
lappis-unb,docker-salic-br,chris-redfield,4,"{'2017-02': 1, '2017-01': 3}",0,0,0,Shell
lappis-unb,SisTel,volthier,198,"{'2017-11': 4, '2017-10': 10, '2017-09': 10, '2017-08': 18, '2017-07': 34, '2017-06': 9, '2017-05': 11, '2017-04': 10, '2017-03': 11, '2017-02': 4, '2017-01': 6, '2016-12': 3, '2016-11': 4, '2016-10': 13, '2016-09': 12, '2016-08': 27, '2016-07': 7, '2016-04': 4, '2016-02': 1}",0,0,0,"HTML, CSS, Java, JavaScript, Shell, Batchfile"
lappis-unb,SisTel,luizfpinheiro,62,"{'2017-10': 1, '2017-09': 11, '2017-08': 19, '2017-07': 31}",0,0,0,"HTML, CSS, Java, JavaScript, Shell, Batchfile"
lappis-unb,SisTel,chris-redfield,49,"{'2017-08': 1, '2017-04': 10, '2017-02': 32, '2017-01': 6}",0,0,0,"HTML, CSS, Java, JavaScript, Shell, Batchfile"
lappis-unb,SisTel,avaloni,0,{},0,0,0,"HTML, CSS, Java, JavaScript, Shell, Batchfile"
lappis-unb,SisTel,hygormoreira,4,"{'2017-05': 3, '2017-04': 1}",0,0,0,"HTML, CSS, Java, JavaScript, Shell, Batchfile"
lappis-unb,SisTel,arthurTemporim,2,{'2018-01': 2},0,0,0,"HTML, CSS, Java, JavaScript, Shell, Batchfile"
lappis-unb,SisTel,jorgeluizjr,2,{'2016-12': 2},0,0,0,"HTML, CSS, Java, JavaScript, Shell, Batchfile"
lappis-unb,SisTel,AlexandreTK,1,{'2017-12': 1},1,1,0,"HTML, CSS, Java, JavaScript, Shell, Batchfile"
lappis-unb,SisTel,Pedro-Philipe,1,{'2017-04': 1},0,0,0,"HTML, CSS, Java, JavaScript, Shell, Batchfile"
lappis-unb,docker-sistel,chris-redfield,23,"{'2017-04': 5, '2017-02': 18}",0,0,0,Shell
lappis-unb,docker-sistel,volthier,8,"{'2017-11': 7, '2017-03': 1}",0,0,0,Shell
lappis-unb,mapasculturais,rafaelchavesfreitas,2010,"{'2017-09': 24, '2017-08': 19, '2017-05': 59, '2017-04': 46, '2017-03': 47, '2017-01': 145, '2017-02': 66, '2016-12': 66, '2016-11': 32, '2016-10': 72, '2016-09': 16, '2016-08': 47, '2016-07': 13, '2016-06': 53, '2016-04': 38, '2016-05': 33, '2016-03': 11, '2016-02': 6, '2016-01': 2, '2015-12': 44, '2015-11': 26, '2015-10': 26, '2015-08': 20, '2015-09': 23, '2015-07': 4, '2015-06': 41, '2015-05': 67, '2015-04': 26, '2015-03': 56, '2015-02': 10, '2015-01': 16, '2014-12': 94, '2014-11': 119, '2014-10': 90, '2014-09': 89, '2014-08': 91, '2014-07': 129, '2014-06': 49, '2014-05': 71, '2014-04': 37, '2014-03': 87}",0,0,0,"PHP, JavaScript, PLpgSQL, Ruby, CSS, XSLT, HTML, Shell, Makefile"
lappis-unb,mapasculturais,leandrodb,697,"{'2016-01': 1, '2015-12': 12, '2015-09': 2, '2015-08': 5, '2015-07': 1, '2015-06': 4, '2015-05': 4, '2015-04': 1, '2015-02': 33, '2015-01': 87, '2014-12': 65, '2014-11': 85, '2014-10': 52, '2014-09': 49, '2014-08': 26, '2014-07': 110, '2014-06': 4, '2014-04': 53, '2014-03': 88, '2014-02': 15}",0,0,0,"PHP, JavaScript, PLpgSQL, Ruby, CSS, XSLT, HTML, Shell, Makefile"
lappis-unb,mapasculturais,leogermani,312,"{'2017-08': 13, '2017-07': 20, '2017-06': 34, '2017-05': 14, '2017-04': 9, '2017-03': 8, '2017-02': 53, '2016-12': 45, '2017-01': 52, '2016-11': 25, '2016-10': 19, '2016-09': 2, '2016-07': 2, '2016-02': 1, '2015-12': 1, '2015-11': 1, '2015-10': 3, '2015-06': 4, '2015-05': 1, '2015-01': 1, '2014-08': 1, '2014-07': 2, '2014-03': 1}",0,0,0,"PHP, JavaScript, PLpgSQL, Ruby, CSS, XSLT, HTML, Shell, Makefile"
lappis-unb,mapasculturais,GustavoVS,162,"{'2017-07': 3, '2017-05': 1, '2017-04': 10, '2017-03': 20, '2017-02': 3, '2017-01': 10, '2016-12': 9, '2016-11': 19, '2016-10': 12, '2016-09': 28, '2016-08': 18, '2016-07': 25, '2016-06': 2, '2016-05': 2}",0,0,0,"PHP, JavaScript, PLpgSQL, Ruby, CSS, XSLT, HTML, Shell, Makefile"
lappis-unb,mapasculturais,nicolavieira,111,"{'2016-12': 4, '2016-11': 16, '2016-07': 1, '2016-06': 1, '2015-06': 1, '2015-01': 22, '2014-12': 22, '2014-11': 31, '2014-08': 4, '2014-07': 9}",0,0,0,"PHP, JavaScript, PLpgSQL, Ruby, CSS, XSLT, HTML, Shell, Makefile"
lappis-unb,mapasculturais,kterva,67,"{'2017-05': 7, '2017-04': 1, '2017-03': 13, '2017-02': 9, '2017-01': 14, '2016-12': 9, '2016-11': 14}",0,0,0,"PHP, JavaScript, PLpgSQL, Ruby, CSS, XSLT, HTML, Shell, Makefile"
lappis-unb,mapasculturais,arimourao,62,"{'2017-07': 25, '2017-06': 4, '2017-05': 9, '2017-04': 24}",0,0,0,"PHP, JavaScript, PLpgSQL, Ruby, CSS, XSLT, HTML, Shell, Makefile"
lappis-unb,mapasculturais,santagada,54,"{'2014-10': 2, '2014-08': 5, '2014-03': 27, '2014-02': 20}",0,0,0,"PHP, JavaScript, PLpgSQL, Ruby, CSS, XSLT, HTML, Shell, Makefile"
lappis-unb,mapasculturais,lfagundes,23,"{'2016-04': 15, '2016-05': 8}",0,0,0,"PHP, JavaScript, PLpgSQL, Ruby, CSS, XSLT, HTML, Shell, Makefile"
lappis-unb,mapasculturais,vitor-kato,16,"{'2017-05': 2, '2017-04': 8, '2017-03': 5, '2017-02': 1}",0,0,0,"PHP, JavaScript, PLpgSQL, Ruby, CSS, XSLT, HTML, Shell, Makefile"
lappis-unb,mapasculturais,fabiomontefuscolo,16,"{'2016-07': 4, '2016-02': 3, '2016-01': 7, '2015-09': 2}",0,0,0,"PHP, JavaScript, PLpgSQL, Ruby, CSS, XSLT, HTML, Shell, Makefile"
lappis-unb,mapasculturais,marylly,16,"{'2017-03': 9, '2017-01': 7}",0,0,0,"PHP, JavaScript, PLpgSQL, Ruby, CSS, XSLT, HTML, Shell, Makefile"
lappis-unb,mapasculturais,brunosmartin,7,"{'2015-10': 3, '2015-09': 4}",0,0,0,"PHP, JavaScript, PLpgSQL, Ruby, CSS, XSLT, HTML, Shell, Makefile"
lappis-unb,mapasculturais,marcus2703,5,"{'2015-10': 1, '2015-08': 4}",0,0,0,"PHP, JavaScript, PLpgSQL, Ruby, CSS, XSLT, HTML, Shell, Makefile"
lappis-unb,mapasculturais,pimentaj,5,{'2016-10': 5},0,0,0,"PHP, JavaScript, PLpgSQL, Ruby, CSS, XSLT, HTML, Shell, Makefile"
lappis-unb,mapasculturais,nidorx,4,{'2017-03': 4},0,0,0,"PHP, JavaScript, PLpgSQL, Ruby, CSS, XSLT, HTML, Shell, Makefile"
lappis-unb,mapasculturais,brunapinos,3,{'2017-11': 3},0,0,0,"PHP, JavaScript, PLpgSQL, Ruby, CSS, XSLT, HTML, Shell, Makefile"
lappis-unb,mapasculturais,catkit,3,"{'2014-08': 1, '2014-03': 2}",0,0,0,"PHP, JavaScript, PLpgSQL, Ruby, CSS, XSLT, HTML, Shell, Makefile"
lappis-unb,mapasculturais,nreek,2,{'2016-11': 2},0,0,0,"PHP, JavaScript, PLpgSQL, Ruby, CSS, XSLT, HTML, Shell, Makefile"
lappis-unb,mapasculturais,mateuswetah,2,{'2017-06': 2},0,0,0,"PHP, JavaScript, PLpgSQL, Ruby, CSS, XSLT, HTML, Shell, Makefile"
lappis-unb,mapasculturais,alvarowolfx,1,{'2016-09': 1},0,0,0,"PHP, JavaScript, PLpgSQL, Ruby, CSS, XSLT, HTML, Shell, Makefile"
lappis-unb,mapasculturais,antoniocastanheira,1,{'2016-04': 1},0,0,0,"PHP, JavaScript, PLpgSQL, Ruby, CSS, XSLT, HTML, Shell, Makefile"
lappis-unb,mapasculturais,guilhermednt,1,{'2015-05': 1},0,0,0,"PHP, JavaScript, PLpgSQL, Ruby, CSS, XSLT, HTML, Shell, Makefile"
lappis-unb,mapasculturais,marcoamarelo,1,{'2015-10': 1},0,0,0,"PHP, JavaScript, PLpgSQL, Ruby, CSS, XSLT, HTML, Shell, Makefile"
lappis-unb,mapasculturais,Pedro-Philipe,1,{'2016-07': 1},0,0,0,"PHP, JavaScript, PLpgSQL, Ruby, CSS, XSLT, HTML, Shell, Makefile"
lappis-unb,mapasculturais,gitter-badger,1,{'2014-09': 1},0,0,0,"PHP, JavaScript, PLpgSQL, Ruby, CSS, XSLT, HTML, Shell, Makefile"
lappis-unb,mapasculturais,uira,1,{'2016-12': 1},0,0,0,"PHP, JavaScript, PLpgSQL, Ruby, CSS, XSLT, HTML, Shell, Makefile"
lappis-unb,mapasculturais,waffle-with-pears,1,{'2014-02': 1},0,0,0,"PHP, JavaScript, PLpgSQL, Ruby, CSS, XSLT, HTML, Shell, Makefile"
lappis-unb,tainacan,r-guimaraes,771,"{'2017-10': 8, '2017-09': 44, '2017-08': 74, '2017-07': 35, '2017-06': 19, '2017-05': 28, '2017-04': 5, '2017-03': 32, '2017-02': 78, '2017-01': 56, '2016-12': 76, '2016-11': 71, '2016-10': 47, '2016-09': 41, '2016-08': 75, '2016-07': 60, '2016-06': 22}",0,0,0,"PHP, JavaScript, CSS, HTML, XSLT, Makefile, Ruby"
lappis-unb,tainacan,eduardohumberto,608,"{'2017-11': 5, '2017-10': 37, '2017-09': 26, '2017-08': 46, '2017-07': 38, '2017-06': 33, '2017-05': 35, '2017-04': 30, '2017-03': 38, '2017-02': 33, '2017-01': 25, '2016-12': 42, '2016-11': 33, '2016-10': 39, '2016-09': 34, '2016-08': 44, '2016-07': 54, '2016-06': 16}",0,0,0,"PHP, JavaScript, CSS, HTML, XSLT, Makefile, Ruby"
lappis-unb,tainacan,andre2ar,310,"{'2017-11': 1, '2017-10': 31, '2017-09': 52, '2017-08': 55, '2017-07': 19, '2017-06': 35, '2017-05': 58, '2017-04': 1, '2017-03': 24, '2017-01': 24, '2016-12': 9, '2016-11': 1}",0,0,0,"PHP, JavaScript, CSS, HTML, XSLT, Makefile, Ruby"
lappis-unb,tainacan,mbrunodm,216,"{'2017-11': 2, '2017-10': 9, '2017-09': 4, '2017-08': 19, '2017-07': 11, '2017-06': 6, '2017-05': 16, '2017-04': 10, '2017-03': 17, '2017-02': 11, '2017-01': 18, '2016-12': 28, '2016-11': 11, '2016-10': 4, '2016-09': 11, '2016-08': 14, '2016-07': 13, '2016-06': 12}",0,0,0,"PHP, JavaScript, CSS, HTML, XSLT, Makefile, Ruby"
lappis-unb,tainacan,Weryques,80,"{'2017-10': 3, '2017-08': 27, '2017-07': 17, '2017-06': 13, '2017-05': 6, '2017-04': 14}",0,0,0,"PHP, JavaScript, CSS, HTML, XSLT, Makefile, Ruby"
lappis-unb,tainacan,walisonjose,19,"{'2017-09': 4, '2017-08': 15}",0,0,0,"PHP, JavaScript, CSS, HTML, XSLT, Makefile, Ruby"
lappis-unb,tainacan,l3pufg,7,"{'2017-06': 2, '2016-12': 2, '2016-11': 1, '2016-09': 1, '2016-06': 1}",0,0,0,"PHP, JavaScript, CSS, HTML, XSLT, Makefile, Ruby"
lappis-unb,tainacan,leogermani,7,"{'2017-10': 2, '2017-08': 2, '2017-07': 2, '2017-06': 1}",0,0,0,"PHP, JavaScript, CSS, HTML, XSLT, Makefile, Ruby"
lappis-unb,VerSalic,mateuswetah,159,"{'2017-05': 31, '2017-04': 51, '2017-03': 61, '2017-02': 16}",0,0,0,"HTML, TypeScript, CSS, JavaScript"
lappis-unb,VerSalic,Darciro,3,{'2017-06': 3},0,0,0,"HTML, TypeScript, CSS, JavaScript"
lappis-unb,VerSalic,Pedro-Philipe,2,{'2017-10': 2},0,0,0,"HTML, TypeScript, CSS, JavaScript"
lappis-unb,VerSalic,angular-cli,1,{'2017-02': 1},0,0,0,"HTML, TypeScript, CSS, JavaScript"
lappis-unb,boca,cassiopc,421,"{'2017-11': 47, '2017-10': 99, '2017-09': 9, '2017-08': 77, '2017-07': 48, '2017-04': 1, '2016-11': 2, '2016-10': 3, '2015-11': 3, '2015-10': 1, '2015-09': 13, '2015-08': 14, '2014-11': 5, '2014-10': 12, '2014-09': 2, '2014-08': 4, '2013-11': 1, '2013-10': 3, '2013-09': 27, '2013-08': 6, '2013-07': 2, '2012-11': 7, '2012-10': 15, '2012-09': 7, '2012-08': 13}",0,0,0,"PHP, JavaScript, Makefile"
lappis-unb,boca,bcribas,50,"{'2017-11': 3, '2017-10': 6, '2017-09': 4, '2017-08': 10, '2016-11': 19, '2016-10': 1, '2016-09': 7}",0,0,0,"PHP, JavaScript, Makefile"
lappis-unb,boca,cjoa,2,{'2017-10': 2},0,0,0,"PHP, JavaScript, Makefile"
lappis-unb,boca,alejolp,1,{'2015-09': 1},0,0,0,"PHP, JavaScript, Makefile"
lappis-unb,UnBGames,ednunes,150,"{'2017-07': 46, '2017-06': 64, '2017-05': 40}",0,0,0,"Python, JavaScript, CSS, HTML"
lappis-unb,UnBGames,ViniciusBernardo,129,"{'2017-06': 59, '2017-05': 38, '2017-04': 32}",0,0,0,"Python, JavaScript, CSS, HTML"
lappis-unb,UnBGames,joaorobson,98,"{'2017-07': 2, '2017-06': 64, '2017-05': 26, '2017-04': 6}",0,0,0,"Python, JavaScript, CSS, HTML"
lappis-unb,UnBGames,marcelohpf,93,"{'2017-06': 56, '2017-05': 23, '2017-04': 13, '2017-03': 1}",0,0,0,"Python, JavaScript, CSS, HTML"
lappis-unb,UnBGames,varleysilva,91,"{'2017-06': 28, '2017-05': 25, '2017-04': 17, '2017-03': 21}",0,0,0,"Python, JavaScript, CSS, HTML"
lappis-unb,UnBGames,victorsfleite,81,"{'2017-06': 22, '2017-05': 26, '2017-04': 33}",0,0,0,"Python, JavaScript, CSS, HTML"
lappis-unb,UnBGames,icaropires,77,"{'2017-06': 21, '2017-05': 23, '2017-04': 30, '2017-03': 3}",0,0,0,"Python, JavaScript, CSS, HTML"
lappis-unb,UnBGames,leticiadesouza,62,"{'2017-06': 26, '2017-05': 17, '2017-04': 19}",0,0,0,"Python, JavaScript, CSS, HTML"
lappis-unb,UnBGames,thiagorpereira,52,"{'2017-06': 23, '2017-05': 22, '2017-04': 7}",0,0,0,"Python, JavaScript, CSS, HTML"
lappis-unb,UnBGames,rafaelbrg,50,"{'2017-06': 27, '2017-05': 4, '2017-04': 12, '2017-03': 7}",0,0,0,"Python, JavaScript, CSS, HTML"
lappis-unb,UnBGames,arthurTemporim,43,"{'2017-07': 2, '2017-06': 17, '2017-05': 21, '2017-04': 1, '2017-03': 2}",0,0,0,"Python, JavaScript, CSS, HTML"
lappis-unb,UnBGames,arturbersan,34,"{'2017-06': 23, '2017-05': 10, '2017-04': 1}",0,0,0,"Python, JavaScript, CSS, HTML"
lappis-unb,UnBGames,MatheusMiranda,30,"{'2017-06': 16, '2017-05': 14}",0,0,0,"Python, JavaScript, CSS, HTML"
lappis-unb,salic-api,Lafaiet,102,"{'2017-03': 3, '2016-12': 4, '2016-08': 3, '2016-06': 28, '2016-05': 36, '2016-04': 21, '2016-03': 7}",0,0,0,"Python, HTML, Shell, Dockerfile"
lappis-unb,salic-api,fabiommendes,60,"{'2018-03': 4, '2018-02': 24, '2018-01': 32}",0,0,0,"Python, HTML, Shell, Dockerfile"
lappis-unb,salic-api,marcosronaldo,47,"{'2018-06': 1, '2018-05': 4, '2018-04': 13, '2018-03': 18, '2018-02': 5, '2018-01': 6}",15,38,9,"Python, HTML, Shell, Dockerfile"
lappis-unb,salic-api,LucianoPC,43,"{'2018-07': 1, '2018-04': 15, '2018-03': 14, '2018-02': 11, '2018-01': 2}",6,25,0,"Python, HTML, Shell, Dockerfile"
lappis-unb,salic-api,fabio1079,33,"{'2018-06': 1, '2018-05': 7, '2018-04': 5, '2018-03': 8, '2018-02': 8, '2018-01': 4}",3,4,0,"Python, HTML, Shell, Dockerfile"
lappis-unb,salic-api,brunapinos,20,"{'2018-03': 5, '2018-02': 14, '2018-01': 1}",0,0,0,"Python, HTML, Shell, Dockerfile"
lappis-unb,salic-api,Pedro-Philipe,18,"{'2017-09': 3, '2017-06': 15}",0,0,0,"Python, HTML, Shell, Dockerfile"
lappis-unb,salic-api,navarrovmn,17,"{'2018-04': 3, '2018-03': 5, '2018-02': 6, '2018-01': 3}",2,9,0,"Python, HTML, Shell, Dockerfile"
lappis-unb,salic-api,arthurTemporim,15,"{'2018-03': 1, '2018-02': 13, '2018-01': 1}",1,2,0,"Python, HTML, Shell, Dockerfile"
lappis-unb,salic-api,AlexandreTK,14,"{'2018-02': 9, '2018-01': 5}",3,3,0,"Python, HTML, Shell, Dockerfile"
lappis-unb,salic-api,joaaogui,12,"{'2018-03': 3, '2018-02': 9}",1,1,0,"Python, HTML, Shell, Dockerfile"
lappis-unb,salic-api,joenio,7,"{'2018-11': 1, '2018-10': 6}",0,9,0,"Python, HTML, Shell, Dockerfile"
lappis-unb,salic-api,vitorfhc,5,{'2018-04': 5},2,2,0,"Python, HTML, Shell, Dockerfile"
lappis-unb,salic-api,marlonguimaraes,1,{'2018-02': 1},0,2,0,"Python, HTML, Shell, Dockerfile"
lappis-unb,salic-api,fernao,1,{'2017-09': 1},0,1,0,"Python, HTML, Shell, Dockerfile"
lappis-unb,hubot-natural,diegodorgam,36,"{'2018-04': 7, '2018-02': 3, '2017-12': 5, '2017-10': 5, '2017-05': 3, '2017-03': 13}",0,0,0,"CoffeeScript, Python"
lappis-unb,hubot-natural,MatheusFaria,17,"{'2018-03': 2, '2018-02': 4, '2018-01': 6, '2017-11': 5}",0,8,2,"CoffeeScript, Python"
lappis-unb,hubot-natural,rodrigok,10,{'2017-07': 10},0,0,0,"CoffeeScript, Python"
lappis-unb,hubot-natural,bernardoetrevisan,10,"{'2017-09': 3, '2017-08': 7}",0,0,0,"CoffeeScript, Python"
lappis-unb,hubot-natural,juliagrala,8,{'2017-08': 8},0,0,0,"CoffeeScript, Python"
lappis-unb,hubot-natural,RamonNobre,8,{'2017-08': 8},0,0,0,"CoffeeScript, Python"
lappis-unb,hubot-natural,Duerno,5,"{'2018-03': 1, '2018-02': 1, '2018-01': 3}",0,17,0,"CoffeeScript, Python"
lappis-unb,hubot-natural,ednunes,3,{'2018-01': 3},1,2,0,"CoffeeScript, Python"
lappis-unb,hubot-natural,geekgonecrazy,2,{'2017-08': 2},0,0,0,"CoffeeScript, Python"
lappis-unb,hubot-natural,FilipeVoges,2,{'2017-05': 2},0,0,0,"CoffeeScript, Python"
lappis-unb,hubot-natural,Sing-Li,2,{'2017-12': 2},0,0,0,"CoffeeScript, Python"
lappis-unb,hubot-natural,yurireeis,2,{'2017-05': 2},0,0,0,"CoffeeScript, Python"
lappis-unb,hubot-natural,andreyluiz,1,{'2017-09': 1},0,0,0,"CoffeeScript, Python"
lappis-unb,hubot-natural,danielbchaves,1,{'2017-08': 1},0,0,0,"CoffeeScript, Python"
lappis-unb,hubot-natural,JSzaszvari,1,{'2017-12': 1},0,0,0,"CoffeeScript, Python"
lappis-unb,hubot-natural,MatheusMiranda,1,{'2018-01': 1},2,2,0,"CoffeeScript, Python"
lappis-unb,hubot-natural,richieri,1,{'2018-03': 1},0,0,0,"CoffeeScript, Python"
lappis-unb,tais,palomacmamede,318,"{'2019-09': 3, '2019-08': 16, '2019-07': 1, '2019-05': 13, '2019-04': 56, '2019-03': 39, '2019-01': 42, '2019-02': 14, '2018-12': 4, '2018-11': 28, '2018-10': 16, '2018-09': 49, '2018-08': 37}",47,90,12,"Jupyter Notebook, Python, HTML, CSS, Dockerfile, Makefile, Shell"
lappis-unb,tais,MatheusMiranda,203,"{'2019-09': 3, '2019-08': 1, '2019-07': 28, '2019-06': 19, '2019-05': 32, '2019-04': 17, '2019-03': 11, '2019-02': 8, '2019-01': 2, '2018-12': 7, '2018-11': 5, '2018-10': 19, '2018-09': 8, '2018-08': 23, '2018-07': 6, '2018-06': 3, '2018-05': 4, '2018-04': 1, '2018-03': 5, '2018-01': 1}",18,38,40,"Jupyter Notebook, Python, HTML, CSS, Dockerfile, Makefile, Shell"
lappis-unb,tais,MatheusFaria,110,"{'2018-11': 22, '2018-10': 6, '2018-09': 23, '2018-08': 27, '2018-05': 1, '2018-03': 14, '2018-02': 6, '2018-01': 6, '2017-11': 5}",13,41,21,"Jupyter Notebook, Python, HTML, CSS, Dockerfile, Makefile, Shell"
lappis-unb,tais,arthurTemporim,103,"{'2019-05': 11, '2019-04': 1, '2019-03': 1, '2019-02': 17, '2019-01': 3, '2018-11': 40, '2018-12': 3, '2018-10': 11, '2018-09': 7, '2018-08': 8, '2018-05': 1}",16,80,31,"Jupyter Notebook, Python, HTML, CSS, Dockerfile, Makefile, Shell"
lappis-unb,tais,RochaCarla,102,"{'2019-09': 1, '2019-08': 2, '2019-07': 12, '2019-06': 3, '2019-05': 13, '2019-04': 5, '2019-03': 6, '2019-01': 3, '2018-11': 53, '2018-10': 3, '2018-09': 1}",3,69,2,"Jupyter Notebook, Python, HTML, CSS, Dockerfile, Makefile, Shell"
lappis-unb,tais,gabibguedes,63,"{'2019-05': 4, '2019-04': 16, '2019-03': 11, '2019-02': 1, '2018-12': 4, '2018-11': 19, '2018-10': 1, '2018-09': 7}",15,27,8,"Jupyter Notebook, Python, HTML, CSS, Dockerfile, Makefile, Shell"
lappis-unb,tais,brunapinos,50,"{'2019-08': 1, '2019-07': 3, '2019-06': 9, '2019-04': 2, '2019-02': 3, '2019-01': 9, '2018-10': 7, '2018-09': 3, '2018-08': 12, '2018-07': 1}",12,34,5,"Jupyter Notebook, Python, HTML, CSS, Dockerfile, Makefile, Shell"
lappis-unb,tais,pablodiegoss,40,"{'2019-06': 2, '2019-05': 11, '2019-04': 27}",3,7,0,"Jupyter Notebook, Python, HTML, CSS, Dockerfile, Makefile, Shell"
lappis-unb,tais,guilacerda,37,"{'2019-08': 1, '2019-07': 1, '2019-05': 1, '2019-04': 21, '2019-03': 13}",6,40,5,"Jupyter Notebook, Python, HTML, CSS, Dockerfile, Makefile, Shell"
lappis-unb,tais,ednunes,33,"{'2018-03': 15, '2018-02': 15, '2018-01': 3}",2,2,0,"Jupyter Notebook, Python, HTML, CSS, Dockerfile, Makefile, Shell"
lappis-unb,tais,KahCosta,32,"{'2019-04': 1, '2019-01': 1, '2018-12': 1, '2018-11': 8, '2018-10': 7, '2018-09': 6, '2018-08': 8}",6,19,0,"Jupyter Notebook, Python, HTML, CSS, Dockerfile, Makefile, Shell"
lappis-unb,tais,diegodorgam,30,"{'2018-09': 1, '2018-02': 3, '2017-12': 5, '2017-10': 5, '2017-05': 3, '2017-03': 13}",0,0,3,"Jupyter Notebook, Python, HTML, CSS, Dockerfile, Makefile, Shell"
lappis-unb,tais,LeoSilvaGomes,25,"{'2019-08': 6, '2019-07': 1, '2019-05': 3, '2019-04': 12, '2019-03': 2, '2019-02': 1}",0,0,0,"Jupyter Notebook, Python, HTML, CSS, Dockerfile, Makefile, Shell"
lappis-unb,tais,Duerno,13,"{'2018-02': 9, '2018-03': 1, '2018-01': 3}",1,1,0,"Jupyter Notebook, Python, HTML, CSS, Dockerfile, Makefile, Shell"
lappis-unb,tais,rodrigok,10,{'2017-07': 10},0,0,0,"Jupyter Notebook, Python, HTML, CSS, Dockerfile, Makefile, Shell"
lappis-unb,tais,bernardoetrevisan,10,"{'2017-09': 3, '2017-08': 7}",0,0,0,"Jupyter Notebook, Python, HTML, CSS, Dockerfile, Makefile, Shell"
lappis-unb,tais,RamonNobre,8,{'2017-08': 8},0,0,0,"Jupyter Notebook, Python, HTML, CSS, Dockerfile, Makefile, Shell"
lappis-unb,tais,juliagrala,8,{'2017-08': 8},0,0,0,"Jupyter Notebook, Python, HTML, CSS, Dockerfile, Makefile, Shell"
lappis-unb,tais,victorcmoura,6,"{'2019-09': 3, '2019-08': 3}",3,4,0,"Jupyter Notebook, Python, HTML, CSS, Dockerfile, Makefile, Shell"
lappis-unb,tais,joaovitor3,6,"{'2019-09': 2, '2019-08': 2, '2019-07': 2}",0,0,4,"Jupyter Notebook, Python, HTML, CSS, Dockerfile, Makefile, Shell"
lappis-unb,tais,LeoSilvaGomes-zz,0,{},4,15,5,"Jupyter Notebook, Python, HTML, CSS, Dockerfile, Makefile, Shell"
lappis-unb,tais,iurisevero,4,{'2019-04': 4},2,2,0,"Jupyter Notebook, Python, HTML, CSS, Dockerfile, Makefile, Shell"
lappis-unb,tais,belaaiza,4,{'2018-03': 4},0,0,0,"Jupyter Notebook, Python, HTML, CSS, Dockerfile, Makefile, Shell"
lappis-unb,tais,yurireeis,2,{'2017-05': 2},0,0,0,"Jupyter Notebook, Python, HTML, CSS, Dockerfile, Makefile, Shell"
lappis-unb,tais,Sing-Li,2,{'2017-12': 2},0,0,0,"Jupyter Notebook, Python, HTML, CSS, Dockerfile, Makefile, Shell"
lappis-unb,tais,MarcosEllys,2,{'2019-04': 2},1,2,1,"Jupyter Notebook, Python, HTML, CSS, Dockerfile, Makefile, Shell"
lappis-unb,tais,FilipeVoges,2,{'2017-05': 2},0,0,0,"Jupyter Notebook, Python, HTML, CSS, Dockerfile, Makefile, Shell"
lappis-unb,tais,geekgonecrazy,2,{'2017-08': 2},0,0,0,"Jupyter Notebook, Python, HTML, CSS, Dockerfile, Makefile, Shell"
lappis-unb,tais,andreyluiz,1,{'2017-09': 1},0,0,0,"Jupyter Notebook, Python, HTML, CSS, Dockerfile, Makefile, Shell"
lappis-unb,tais,BrunaNayara,1,{'2019-04': 1},1,17,0,"Jupyter Notebook, Python, HTML, CSS, Dockerfile, Makefile, Shell"
lappis-unb,tais,danielbchaves,1,{'2017-08': 1},0,0,0,"Jupyter Notebook, Python, HTML, CSS, Dockerfile, Makefile, Shell"
lappis-unb,tais,JSzaszvari,1,{'2017-12': 1},0,0,0,"Jupyter Notebook, Python, HTML, CSS, Dockerfile, Makefile, Shell"
lappis-unb,tais,joaaogui,1,{'2019-09': 1},1,1,0,"Jupyter Notebook, Python, HTML, CSS, Dockerfile, Makefile, Shell"
lappis-unb,tais,peterlima,1,{'2018-03': 1},0,0,0,"Jupyter Notebook, Python, HTML, CSS, Dockerfile, Makefile, Shell"
lappis-unb,salic-ml,marlonguimaraes,151,"{'2018-11': 6, '2018-10': 15, '2018-09': 8, '2018-08': 41, '2018-07': 15, '2018-06': 12, '2018-05': 26, '2018-04': 28}",17,73,10,"Jupyter Notebook, Python, TSQL, Shell, Dockerfile"
lappis-unb,salic-ml,rodrigocam,101,"{'2019-08': 3, '2019-07': 7, '2019-06': 7, '2019-05': 31, '2019-04': 25, '2019-03': 10, '2019-02': 4, '2019-01': 14}",11,16,2,"Jupyter Notebook, Python, TSQL, Shell, Dockerfile"
lappis-unb,salic-ml,fabiola-m,87,"{'2019-05': 4, '2019-04': 43, '2019-03': 17, '2019-02': 16, '2019-01': 7}",0,0,0,"Jupyter Notebook, Python, TSQL, Shell, Dockerfile"
lappis-unb,salic-ml,victorcmoura,75,"{'2019-08': 5, '2019-07': 33, '2019-06': 12, '2019-05': 12, '2019-04': 7, '2018-12': 1, '2018-10': 4, '2018-09': 1}",9,52,4,"Jupyter Notebook, Python, TSQL, Shell, Dockerfile"
lappis-unb,salic-ml,LucianoPC,50,"{'2018-09': 13, '2018-08': 7, '2018-06': 1, '2018-05': 29}",2,30,0,"Jupyter Notebook, Python, TSQL, Shell, Dockerfile"
lappis-unb,salic-ml,Duerno,30,"{'2018-12': 1, '2018-11': 3, '2018-10': 7, '2018-09': 5, '2018-08': 7, '2018-07': 1, '2018-05': 5, '2018-03': 1}",17,45,11,"Jupyter Notebook, Python, TSQL, Shell, Dockerfile"
lappis-unb,salic-ml,Mattioli,37,"{'2018-11': 1, '2018-10': 15, '2018-09': 3, '2018-08': 18}",8,15,6,"Jupyter Notebook, Python, TSQL, Shell, Dockerfile"
lappis-unb,salic-ml,AlexandreTK,25,"{'2018-09': 4, '2018-08': 15, '2018-07': 3, '2018-05': 1, '2018-04': 2}",9,16,1,"Jupyter Notebook, Python, TSQL, Shell, Dockerfile"
lappis-unb,salic-ml,pablodiegoss,24,"{'2019-04': 3, '2019-03': 21}",1,1,1,"Jupyter Notebook, Python, TSQL, Shell, Dockerfile"
lappis-unb,salic-ml,joaaogui,20,"{'2019-08': 2, '2019-07': 4, '2019-06': 4, '2019-05': 5, '2019-04': 5}",2,23,1,"Jupyter Notebook, Python, TSQL, Shell, Dockerfile"
lappis-unb,salic-ml,danielgs83,10,"{'2018-11': 4, '2018-10': 6}",0,8,21,"Jupyter Notebook, Python, TSQL, Shell, Dockerfile"
lappis-unb,salic-ml,ednunes,10,"{'2019-06': 7, '2019-05': 3}",4,30,0,"Jupyter Notebook, Python, TSQL, Shell, Dockerfile"
lappis-unb,salic-ml,fabiommendes,1,{'2019-01': 1},0,0,0,"Jupyter Notebook, Python, TSQL, Shell, Dockerfile"
lappis-unb,salic-ml,joenio,1,{'2019-06': 1},1,4,0,"Jupyter Notebook, Python, TSQL, Shell, Dockerfile"
lappis-unb,salic-ml,RochaCarla,1,{'2018-06': 1},0,64,0,"Jupyter Notebook, Python, TSQL, Shell, Dockerfile"
lappis-unb,PromovaCultura,joaaogui,71,"{'2019-02': 12, '2019-01': 2, '2018-12': 6, '2018-11': 5, '2018-10': 9, '2018-09': 4, '2018-08': 3, '2018-07': 8, '2018-06': 8, '2018-05': 14}",34,58,8,"JavaScript, Vue, HTML, CSS"
lappis-unb,PromovaCultura,marcosronaldo,36,"{'2018-09': 4, '2018-08': 2, '2018-07': 19, '2018-06': 10, '2018-05': 1}",9,42,10,"JavaScript, Vue, HTML, CSS"
lappis-unb,PromovaCultura,ednunes,35,"{'2018-07': 9, '2018-06': 17, '2018-05': 9}",12,31,0,"JavaScript, Vue, HTML, CSS"
lappis-unb,PromovaCultura,fabio1079,22,"{'2018-07': 4, '2018-06': 14, '2018-05': 4}",4,5,0,"JavaScript, Vue, HTML, CSS"
lappis-unb,PromovaCultura,guilacerda,19,"{'2019-02': 5, '2019-01': 7, '2018-12': 3, '2018-10': 3, '2018-09': 1}",10,14,8,"JavaScript, Vue, HTML, CSS"
lappis-unb,PromovaCultura,pablodiegoss,18,"{'2019-03': 1, '2019-02': 13, '2019-01': 4}",1,1,1,"JavaScript, Vue, HTML, CSS"
lappis-unb,PromovaCultura,navarrovmn,11,"{'2018-09': 3, '2018-08': 2, '2018-07': 1, '2018-06': 2, '2018-05': 3}",3,4,0,"JavaScript, Vue, HTML, CSS"
lappis-unb,PromovaCultura,LeoSilvaGomes,5,"{'2019-02': 3, '2019-01': 2}",0,0,0,"JavaScript, Vue, HTML, CSS"
lappis-unb,PromovaCultura,RochaCarla,4,{'2018-03': 4},1,7,0,"JavaScript, Vue, HTML, CSS"
lappis-unb,PromovaCultura,FranciscoSMM,2,"{'2018-07': 1, '2018-06': 1}",2,9,0,"JavaScript, Vue, HTML, CSS"
lappis-unb,MiniLappisConf,joenio,66,"{'2019-05': 1, '2019-02': 2, '2018-12': 1, '2018-10': 4, '2018-09': 4, '2018-08': 13, '2018-07': 6, '2018-06': 18, '2018-05': 17}",0,12,0,"HTML, SCSS, JavaScript, Ruby, Dockerfile"
lappis-unb,MiniLappisConf,arthurbdiniz,41,"{'2019-05': 1, '2019-04': 23, '2019-03': 16, '2018-06': 1}",1,1,0,"HTML, SCSS, JavaScript, Ruby, Dockerfile"
lappis-unb,MiniLappisConf,LeoSilvaGomes,28,"{'2019-06': 3, '2019-05': 10, '2019-04': 14, '2019-03': 1}",0,0,0,"HTML, SCSS, JavaScript, Ruby, Dockerfile"
lappis-unb,MiniLappisConf,LeoSilvaGomes-zz,0,{},2,2,0,"HTML, SCSS, JavaScript, Ruby, Dockerfile"
lappis-unb,MiniLappisConf,BrunaNayara,6,"{'2018-10': 1, '2018-08': 1, '2018-06': 4}",0,0,0,"HTML, SCSS, JavaScript, Ruby, Dockerfile"
lappis-unb,MiniLappisConf,arthurTemporim,5,"{'2018-10': 3, '2018-08': 1, '2018-06': 1}",0,0,0,"HTML, SCSS, JavaScript, Ruby, Dockerfile"
lappis-unb,MiniLappisConf,ricardopoppi,5,"{'2018-07': 3, '2018-06': 2}",0,0,0,"HTML, SCSS, JavaScript, Ruby, Dockerfile"
lappis-unb,MiniLappisConf,RochaCarla,4,"{'2023-06': 1, '2018-08': 2, '2018-05': 1}",0,0,0,"HTML, SCSS, JavaScript, Ruby, Dockerfile"
lappis-unb,MiniLappisConf,edsonma,2,{'2018-06': 2},0,1,0,"HTML, SCSS, JavaScript, Ruby, Dockerfile"
lappis-unb,MiniLappisConf,MartinsLucas,2,"{'2019-05': 1, '2019-03': 1}",2,2,0,"HTML, SCSS, JavaScript, Ruby, Dockerfile"
lappis-unb,MiniLappisConf,pablodiegoss,2,{'2019-03': 2},0,0,0,"HTML, SCSS, JavaScript, Ruby, Dockerfile"
lappis-unb,MiniLappisConf,navarrovmn,2,{'2018-09': 2},0,0,0,"HTML, SCSS, JavaScript, Ruby, Dockerfile"
lappis-unb,MiniLappisConf,arthur0496,1,{'2019-03': 1},1,1,0,"HTML, SCSS, JavaScript, Ruby, Dockerfile"
lappis-unb,MiniLappisConf,rodrigosiqueira,1,{'2018-09': 1},0,0,0,"HTML, SCSS, JavaScript, Ruby, Dockerfile"
lappis-unb,MiniLappisConf,vitorfhc,1,{'2018-05': 1},0,0,0,"HTML, SCSS, JavaScript, Ruby, Dockerfile"
lappis-unb,MiniLappisConf,danielgs83,1,{'2018-10': 1},0,0,0,"HTML, SCSS, JavaScript, Ruby, Dockerfile"
lappis-unb,salic-ml-web,victorcmoura,152,"{'2018-12': 11, '2018-11': 24, '2018-10': 23, '2018-09': 21, '2018-08': 66, '2018-07': 7}",4,40,0,"Python, Dockerfile, Shell"
lappis-unb,salic-ml-web,ednunes,64,"{'2018-11': 6, '2018-10': 23, '2018-08': 33, '2018-07': 2}",5,5,0,"Python, Dockerfile, Shell"
lappis-unb,salic-ml-web,LucianoPC,18,"{'2018-09': 1, '2018-08': 17}",0,0,0,"Python, Dockerfile, Shell"
lappis-unb,chartjs-plugin-datalabels,simonbrunel,42,"{'2018-07': 3, '2018-03': 5, '2018-02': 1, '2018-01': 9, '2017-12': 6, '2017-10': 1, '2017-09': 3, '2017-08': 5, '2017-07': 9}",0,0,0,"JavaScript, Shell"
lappis-unb,chartjs-plugin-datalabels,CNTRS,1,{'2017-09': 1},0,0,0,"JavaScript, Shell"
lappis-unb,chartjs-plugin-datalabels,pfrankov,1,{'2018-04': 1},0,0,0,"JavaScript, Shell"
lappis-unb,chatops,arthurTemporim,13,"{'2018-12': 1, '2018-11': 4, '2018-10': 7, '2018-07': 1}",1,1,0,"Python, Makefile, Dockerfile"
lappis-unb,chatops,gabibguedes,12,"{'2018-10': 1, '2018-08': 9, '2018-07': 2}",1,4,1,"Python, Makefile, Dockerfile"
lappis-unb,chatops,KahCosta,3,"{'2018-10': 2, '2018-07': 1}",1,1,0,"Python, Makefile, Dockerfile"
lappis-unb,docker-openconnect-globalprotect,joenio,6,"{'2018-08': 1, '2018-07': 5}",0,0,0,"Shell, Dockerfile"
lappis-unb,docker-openconnect-globalprotect,edsonma,5,"{'2022-03': 2, '2018-04': 1, '2018-02': 2}",0,0,0,"Shell, Dockerfile"
lappis-unb,docker-openconnect-globalprotect,rflbianco,2,{'2017-10': 2},0,0,0,"Shell, Dockerfile"
lappis-unb,docker-openconnect-globalprotect,LucianoPC,1,{'2018-08': 1},0,0,0,"Shell, Dockerfile"
lappis-unb,salic-ml-frontend,ednunes,103,"{'2019-07': 2, '2019-05': 8, '2019-04': 15, '2019-03': 9, '2018-12': 8, '2018-11': 10, '2018-10': 8, '2018-09': 16, '2018-08': 27}",12,12,0,"Vue, JavaScript, HTML, Dockerfile"
lappis-unb,salic-ml-frontend,LucianoPC,3,{'2018-09': 3},0,0,0,"Vue, JavaScript, HTML, Dockerfile"
lappis-unb,salic-ml-frontend,victorcmoura,2,"{'2019-05': 1, '2019-04': 1}",1,1,0,"Vue, JavaScript, HTML, Dockerfile"
lappis-unb,salic-ml-frontend,RochaCarla,1,{'2019-10': 1},0,0,0,"Vue, JavaScript, HTML, Dockerfile"
lappis-unb,salic-ml-frontend,FranciscoSMM,1,{'2019-04': 1},1,1,0,"Vue, JavaScript, HTML, Dockerfile"
lappis-unb,salic-ml-frontend,joaaogui,1,{'2019-04': 1},1,1,0,"Vue, JavaScript, HTML, Dockerfile"
lappis-unb,workshop-devops,pablodiegoss,7,"{'2018-10': 1, '2018-08': 6}",0,0,0,"Python, Shell, Dockerfile"
lappis-unb,workshop-devops,guilacerda,1,{'2018-08': 1},0,0,0,"Python, Shell, Dockerfile"
lappis-unb,lappis-learning,marlonguimaraes,154,"{'2018-11': 6, '2018-10': 4, '2018-09': 24, '2018-08': 39, '2018-07': 15, '2018-06': 12, '2018-05': 26, '2018-04': 28}",3,3,0,"Python, Dockerfile, Jupyter Notebook"
lappis-unb,lappis-learning,LucianoPC,66,"{'2018-09': 29, '2018-08': 7, '2018-06': 1, '2018-05': 29}",1,1,0,"Python, Dockerfile, Jupyter Notebook"
lappis-unb,lappis-learning,AlexandreTK,23,"{'2018-09': 2, '2018-08': 15, '2018-07': 3, '2018-05': 1, '2018-04': 2}",0,0,0,"Python, Dockerfile, Jupyter Notebook"
lappis-unb,lappis-learning,Mattioli,21,"{'2018-09': 3, '2018-08': 18}",0,0,0,"Python, Dockerfile, Jupyter Notebook"
lappis-unb,lappis-learning,Duerno,14,"{'2018-08': 7, '2018-07': 1, '2018-05': 5, '2018-03': 1}",0,0,0,"Python, Dockerfile, Jupyter Notebook"
lappis-unb,lappis-learning,victorcmoura,12,"{'2018-11': 1, '2018-09': 11}",0,0,1,"Python, Dockerfile, Jupyter Notebook"
lappis-unb,lappis-learning,RochaCarla,1,{'2018-06': 1},0,0,0,"Python, Dockerfile, Jupyter Notebook"
lappis-unb,tais.old,arthurTemporim,13,"{'2018-10': 4, '2018-09': 9}",0,0,0,"Python, Dockerfile"
lappis-unb,tais.old,RochaCarla,4,{'2018-10': 4},0,0,0,"Python, Dockerfile"
lappis-unb,rasa-demo-pydata18,tmbo,11,{'2018-05': 11},0,0,0,"Jupyter Notebook, Makefile"
lappis-unb,flaskapi,joaaogui,23,"{'2019-02': 1, '2018-12': 22}",0,0,0,"Python, Dockerfile"
lappis-unb,flaskapi,victorcmoura,3,{'2018-12': 3},0,0,0,"Python, Dockerfile"
lappis-unb,flaskapi,joenio,1,{'2018-12': 1},0,0,0,"Python, Dockerfile"
lappis-unb,rasa-ptbr-boilerplate,arthurTemporim,413,"{'2024-04': 1, '2023-10': 8, '2023-08': 2, '2023-06': 2, '2023-03': 2, '2023-02': 1, '2023-01': 4, '2022-11': 4, '2022-10': 1, '2022-08': 7, '2022-07': 3, '2022-05': 1, '2022-03': 8, '2022-02': 3, '2022-01': 1, '2021-10': 29, '2021-09': 10, '2021-08': 14, '2021-07': 28, '2021-06': 13, '2021-05': 5, '2021-04': 2, '2021-03': 18, '2021-01': 4, '2020-12': 3, '2020-11': 6, '2020-10': 12, '2020-09': 23, '2020-08': 5, '2020-07': 8, '2020-06': 2, '2020-05': 2, '2020-04': 10, '2020-03': 11, '2020-02': 1, '2020-01': 3, '2019-11': 7, '2019-10': 61, '2019-09': 27, '2019-08': 18, '2019-07': 11, '2019-06': 1, '2019-05': 10, '2019-04': 6, '2019-03': 12, '2019-01': 3}",53,84,51,"Python, Makefile, HTML, Dockerfile"
lappis-unb,rasa-ptbr-boilerplate,pablodiegoss,37,"{'2020-03': 1, '2019-11': 3, '2019-10': 4, '2019-09': 7, '2019-07': 3, '2019-06': 1, '2019-05': 12, '2019-04': 6}",4,10,10,"Python, Makefile, HTML, Dockerfile"
lappis-unb,rasa-ptbr-boilerplate,MatheusMiranda,23,"{'2020-12': 8, '2020-11': 2, '2020-09': 4, '2020-08': 2, '2019-09': 1, '2019-08': 5, '2019-06': 1}",3,7,4,"Python, Makefile, HTML, Dockerfile"
lappis-unb,rasa-ptbr-boilerplate,guilacerda,19,"{'2019-09': 12, '2019-08': 6, '2019-07': 1}",6,11,0,"Python, Makefile, HTML, Dockerfile"
lappis-unb,rasa-ptbr-boilerplate,joaovitor3,16,"{'2019-09': 4, '2019-08': 8, '2019-07': 4}",7,14,3,"Python, Makefile, HTML, Dockerfile"
lappis-unb,rasa-ptbr-boilerplate,RochaCarla,14,"{'2020-11': 1, '2019-10': 1, '2019-09': 1, '2019-08': 1, '2019-07': 2, '2019-06': 1, '2019-05': 6, '2019-04': 1}",1,27,1,"Python, Makefile, HTML, Dockerfile"
lappis-unb,rasa-ptbr-boilerplate,naiieandrade,13,{'2020-10': 13},1,1,2,"Python, Makefile, HTML, Dockerfile"
lappis-unb,rasa-ptbr-boilerplate,palomacmamede,13,"{'2019-09': 9, '2019-08': 2, '2019-01': 2}",2,7,0,"Python, Makefile, HTML, Dockerfile"
lappis-unb,rasa-ptbr-boilerplate,BrunaNayara,7,"{'2021-02': 1, '2020-11': 1, '2020-10': 1, '2020-09': 3, '2020-08': 1}",3,7,8,"Python, Makefile, HTML, Dockerfile"
lappis-unb,rasa-ptbr-boilerplate,dudanogueira,6,"{'2020-10': 1, '2019-10': 5}",3,3,0,"Python, Makefile, HTML, Dockerfile"
lappis-unb,rasa-ptbr-boilerplate,guiaugusto,6,{'2019-04': 6},2,2,0,"Python, Makefile, HTML, Dockerfile"
lappis-unb,rasa-ptbr-boilerplate,joaaogui,4,{'2019-09': 4},4,5,1,"Python, Makefile, HTML, Dockerfile"
lappis-unb,rasa-ptbr-boilerplate,gabibguedes,4,"{'2020-11': 2, '2019-04': 2}",1,1,3,"Python, Makefile, HTML, Dockerfile"
lappis-unb,rasa-ptbr-boilerplate,pedroeagle,2,{'2019-05': 2},1,1,0,"Python, Makefile, HTML, Dockerfile"
lappis-unb,rasa-ptbr-boilerplate,jpwakugawa,2,{'2022-05': 2},1,1,0,"Python, Makefile, HTML, Dockerfile"
lappis-unb,rasa-ptbr-boilerplate,gustavololis,2,{'2021-09': 2},2,3,0,"Python, Makefile, HTML, Dockerfile"
lappis-unb,rasa-ptbr-boilerplate,giovanadionisio,2,{'2020-10': 2},1,1,0,"Python, Makefile, HTML, Dockerfile"
lappis-unb,rasa-ptbr-boilerplate,KahCosta,2,{'2019-04': 2},0,0,2,"Python, Makefile, HTML, Dockerfile"
lappis-unb,rasa-ptbr-boilerplate,Andreabenf,2,{'2019-04': 2},1,1,0,"Python, Makefile, HTML, Dockerfile"
lappis-unb,rasa-ptbr-boilerplate,alexandrebarbaruiva,1,{'2019-06': 1},1,1,0,"Python, Makefile, HTML, Dockerfile"
lappis-unb,rasa-ptbr-boilerplate,andre-filho,1,{'2019-10': 1},1,1,0,"Python, Makefile, HTML, Dockerfile"
lappis-unb,rasa-ptbr-boilerplate,brunapinos,1,{'2019-08': 1},0,0,1,"Python, Makefile, HTML, Dockerfile"
lappis-unb,rasa-ptbr-boilerplate,davidCarlos,1,{'2019-09': 1},1,1,0,"Python, Makefile, HTML, Dockerfile"
lappis-unb,rasa-ptbr-boilerplate,dehatanes,1,{'2020-08': 1},1,1,0,"Python, Makefile, HTML, Dockerfile"
lappis-unb,rasa-ptbr-boilerplate,guilherme1guy,1,{'2020-10': 1},1,1,0,"Python, Makefile, HTML, Dockerfile"
lappis-unb,rasa-ptbr-boilerplate,joenio,1,{'2019-09': 1},1,1,0,"Python, Makefile, HTML, Dockerfile"
lappis-unb,rasa-ptbr-boilerplate,kimuraz,1,{'2021-02': 1},1,2,0,"Python, Makefile, HTML, Dockerfile"
lappis-unb,rasa-ptbr-boilerplate,Leo0liveira,1,{'2022-05': 1},1,1,0,"Python, Makefile, HTML, Dockerfile"
lappis-unb,rasa-ptbr-boilerplate,RafaellaJunqueira,1,{'2020-08': 1},2,2,1,"Python, Makefile, HTML, Dockerfile"
lappis-unb,rasa-ptbr-boilerplate,victorcmoura,1,{'2019-09': 1},0,2,0,"Python, Makefile, HTML, Dockerfile"
lappis-unb,rasa-ptbr-boilerplate,dependabot[bot],0,{},2,2,0,"Python, Makefile, HTML, Dockerfile"
lappis-unb,rasa-ptbr-boilerplate,vorg-san,1,{'2019-09': 1},1,1,0,"Python, Makefile, HTML, Dockerfile"
lappis-unb,lappisudo,arthurTemporim,58,"{'2019-12': 1, '2019-05': 10, '2019-04': 6, '2019-03': 38, '2019-01': 3}",7,14,0,"Jupyter Notebook, Python, HTML, Dockerfile, Makefile, Shell"
lappis-unb,lappisudo,pablodiegoss,17,"{'2019-05': 11, '2019-04': 6}",1,1,0,"Jupyter Notebook, Python, HTML, Dockerfile, Makefile, Shell"
lappis-unb,lappisudo,guiaugusto,6,{'2019-04': 6},0,0,0,"Jupyter Notebook, Python, HTML, Dockerfile, Makefile, Shell"
lappis-unb,lappisudo,RochaCarla,5,"{'2019-08': 1, '2019-06': 1, '2019-05': 1, '2019-04': 1, '2019-03': 1}",0,8,0,"Jupyter Notebook, Python, HTML, Dockerfile, Makefile, Shell"
lappis-unb,lappisudo,palomacmamede,3,{'2019-01': 3},1,2,0,"Jupyter Notebook, Python, HTML, Dockerfile, Makefile, Shell"
lappis-unb,lappisudo,Andreabenf,2,{'2019-04': 2},0,0,0,"Jupyter Notebook, Python, HTML, Dockerfile, Makefile, Shell"
lappis-unb,lappisudo,gabibguedes,2,{'2019-04': 2},0,0,0,"Jupyter Notebook, Python, HTML, Dockerfile, Makefile, Shell"
lappis-unb,lappisudo,KahCosta,2,{'2019-04': 2},0,0,0,"Jupyter Notebook, Python, HTML, Dockerfile, Makefile, Shell"
lappis-unb,lappisudo,pedroeagle,2,{'2019-05': 2},0,0,0,"Jupyter Notebook, Python, HTML, Dockerfile, Makefile, Shell"
lappis-unb,lappisudo,dependabot[bot],0,{},2,2,0,"Jupyter Notebook, Python, HTML, Dockerfile, Makefile, Shell"
lappis-unb,WBMA2019,econst,76,"{'2019-02': 1, '2019-01': 2, '2018-12': 2, '2018-11': 10, '2018-05': 3, '2018-03': 10, '2018-02': 5, '2018-01': 1, '2017-12': 7, '2017-11': 35}",0,0,0,"HTML, CSS, Shell"
lappis-unb,WBMA2019,tommens,35,"{'2019-03': 9, '2018-12': 4, '2018-11': 5, '2018-05': 6, '2018-03': 3, '2017-12': 4, '2017-11': 4}",0,0,0,"HTML, CSS, Shell"
lappis-unb,WBMA2019,RochaCarla,9,{'2019-04': 9},0,0,0,"HTML, CSS, Shell"
lappis-unb,WBMA2019,gregoriorobles,6,"{'2018-03': 4, '2017-12': 1, '2017-11': 1}",0,0,0,"HTML, CSS, Shell"
lappis-unb,WBMA2019,gabibguedes,2,{'2019-04': 2},0,0,0,"HTML, CSS, Shell"
lappis-unb,WBMA2019,AlexandreDecan,1,{'2018-03': 1},0,0,0,"HTML, CSS, Shell"
lappis-unb,WBMA2019,arthurbdiniz,1,{'2019-04': 1},0,0,0,"HTML, CSS, Shell"
lappis-unb,WBMA2019,bramadams,1,{'2017-12': 1},0,0,0,"HTML, CSS, Shell"
lappis-unb,Branding-Guidelines,orderedlist,30,"{'2017-11': 1, '2016-08': 1, '2016-06': 1, '2016-05': 1, '2015-10': 15, '2013-10': 2, '2012-12': 1, '2012-04': 8}",0,0,0,"CSS, HTML, JavaScript"
lappis-unb,Branding-Guidelines,Heloisecs,3,{'2019-04': 3},0,0,0,"CSS, HTML, JavaScript"
lappis-unb,Branding-Guidelines,ryankee,2,{'2012-04': 2},0,0,0,"CSS, HTML, JavaScript"
lappis-unb,Branding-Guidelines,AlexDaniel,1,{'2016-04': 1},0,0,0,"CSS, HTML, JavaScript"
lappis-unb,Branding-Guidelines,Zeriuno,1,{'2012-10': 1},0,0,0,"CSS, HTML, JavaScript"
lappis-unb,Branding-Guidelines,potomak,1,{'2013-05': 1},0,0,0,"CSS, HTML, JavaScript"
lappis-unb,Branding-Guidelines,127001,1,{'2014-01': 1},0,0,0,"CSS, HTML, JavaScript"
lappis-unb,Branding-Guidelines,logaan,1,{'2013-08': 1},0,0,0,"CSS, HTML, JavaScript"
lappis-unb,Branding-Guidelines,ousia,1,{'2017-11': 1},0,0,0,"CSS, HTML, JavaScript"
lappis-unb,Branding-Guidelines,phikal,1,{'2015-04': 1},0,0,0,"CSS, HTML, JavaScript"
lappis-unb,Branding-Guidelines,thomasboyt,1,{'2012-04': 1},0,0,0,"CSS, HTML, JavaScript"
lappis-unb,Branding,ascott1,77,"{'2018-06': 1, '2018-05': 1, '2016-03': 1, '2016-02': 2, '2016-01': 19, '2015-10': 4, '2015-08': 2, '2015-07': 1, '2014-07': 1, '2014-05': 2, '2014-04': 5, '2014-02': 2, '2014-01': 6, '2013-11': 30}",0,0,0,"CSS, HTML, JavaScript, Ruby"
lappis-unb,Branding,Heloisecs,36,{'2019-04': 36},0,0,0,"CSS, HTML, JavaScript, Ruby"
lappis-unb,Branding,Scotchester,10,"{'2016-03': 2, '2016-02': 1, '2015-10': 1, '2015-07': 1, '2014-07': 1, '2014-05': 1, '2014-04': 1, '2014-01': 2}",0,0,0,"CSS, HTML, JavaScript, Ruby"
lappis-unb,Branding,pablodiegoss,3,{'2019-04': 3},0,0,0,"CSS, HTML, JavaScript, Ruby"
lappis-unb,Branding,TheConnMan,2,{'2015-10': 2},0,0,0,"CSS, HTML, JavaScript, Ruby"
lappis-unb,Branding,cfarm,2,{'2015-08': 2},0,0,0,"CSS, HTML, JavaScript, Ruby"
lappis-unb,Branding,audiodude,1,{'2016-01': 1},0,0,0,"CSS, HTML, JavaScript, Ruby"
lappis-unb,Branding,virtix,1,{'2014-02': 1},0,0,0,"CSS, HTML, JavaScript, Ruby"
lappis-unb,Branding,snyk-bot,1,{'2018-05': 1},0,0,0,"CSS, HTML, JavaScript, Ruby"
lappis-unb,kubernetes-cloud-setup,arthurbdiniz,37,"{'2019-05': 7, '2019-04': 30}",0,0,0,Shell
lappis-unb,agile-brazil-hotsite,ayr-ton,24,"{'2019-08': 5, '2019-07': 12, '2019-06': 6, '2019-05': 1}",0,0,0,"CSS, JavaScript, Makefile, Dockerfile"
lappis-unb,agile-brazil-hotsite,RochaCarla,75,"{'2021-06': 1, '2020-02': 2, '2019-09': 3, '2019-08': 33, '2019-07': 16, '2019-06': 16, '2019-05': 4}",0,0,0,"CSS, JavaScript, Makefile, Dockerfile"
lappis-unb,agile-brazil-hotsite,ceci,32,"{'2019-07': 3, '2017-12': 2, '2015-01': 3, '2014-12': 24}",0,0,0,"CSS, JavaScript, Makefile, Dockerfile"
lappis-unb,agile-brazil-hotsite,vcampossilva,27,"{'2019-08': 4, '2019-07': 22, '2019-06': 1}",0,0,0,"CSS, JavaScript, Makefile, Dockerfile"
lappis-unb,agile-brazil-hotsite,rafaelcaceres,23,"{'2017-02': 4, '2017-01': 3, '2016-03': 4, '2016-02': 5, '2016-01': 2, '2015-01': 5}",0,0,0,"CSS, JavaScript, Makefile, Dockerfile"
lappis-unb,agile-brazil-hotsite,warantesbr,18,"{'2015-04': 1, '2015-03': 1, '2015-02': 2, '2015-01': 14}",0,0,0,"CSS, JavaScript, Makefile, Dockerfile"
lappis-unb,agile-brazil-hotsite,dependabot-preview[bot],0,{},0,0,0,"CSS, JavaScript, Makefile, Dockerfile"
lappis-unb,agile-brazil-hotsite,wlegolas,9,{'2019-03': 9},0,0,0,"CSS, JavaScript, Makefile, Dockerfile"
lappis-unb,agile-brazil-hotsite,gabibguedes,7,"{'2019-08': 1, '2019-06': 5, '2019-05': 1}",0,0,0,"CSS, JavaScript, Makefile, Dockerfile"
lappis-unb,agile-brazil-hotsite,luiz,5,{'2015-01': 5},0,0,0,"CSS, JavaScript, Makefile, Dockerfile"
lappis-unb,agile-brazil-hotsite,dbedaTW,5,{'2019-03': 5},0,0,0,"CSS, JavaScript, Makefile, Dockerfile"
lappis-unb,agile-brazil-hotsite,afucher,4,"{'2019-08': 3, '2019-07': 1}",0,0,0,"CSS, JavaScript, Makefile, Dockerfile"
lappis-unb,agile-brazil-hotsite,billyblay,4,{'2015-02': 4},0,0,0,"CSS, JavaScript, Makefile, Dockerfile"
lappis-unb,agile-brazil-hotsite,haysarodriguestw,3,{'2019-03': 3},0,0,0,"CSS, JavaScript, Makefile, Dockerfile"
lappis-unb,agile-brazil-hotsite,marcobrunodev,3,{'2015-02': 3},0,0,0,"CSS, JavaScript, Makefile, Dockerfile"
lappis-unb,agile-brazil-hotsite,artdiniz,1,{'2014-12': 1},0,0,0,"CSS, JavaScript, Makefile, Dockerfile"
lappis-unb,agile-brazil-hotsite,eduardojmatos,1,{'2015-01': 1},0,0,0,"CSS, JavaScript, Makefile, Dockerfile"
lappis-unb,agile-brazil-hotsite,eduardovfo,1,{'2015-01': 1},0,0,0,"CSS, JavaScript, Makefile, Dockerfile"
lappis-unb,BotFlowAPI,victorcmoura,68,"{'2019-10': 1, '2019-09': 67}",6,6,5,"Python, Dockerfile, Shell"
lappis-unb,BotFlowAPI,rodrigocam,34,"{'2019-10': 4, '2019-09': 30}",2,2,1,"Python, Dockerfile, Shell"
lappis-unb,BotFlowAPI,gabibguedes,14,"{'2019-08': 1, '2019-07': 4, '2019-06': 2, '2019-05': 7}",6,6,1,"Python, Dockerfile, Shell"
lappis-unb,BotFlowAPI,ygortgaleno,9,"{'2019-06': 1, '2019-05': 8}",0,0,0,"Python, Dockerfile, Shell"
lappis-unb,BotFlowAPI,EzequielDeOliveira,5,"{'2019-09': 3, '2019-08': 2}",1,1,1,"Python, Dockerfile, Shell"
lappis-unb,BotFlowAPI,BrunaNayara,4,"{'2019-06': 3, '2019-05': 1}",0,0,4,"Python, Dockerfile, Shell"
lappis-unb,BotFlowAPI,brunapinos,4,{'2019-09': 4},1,1,1,"Python, Dockerfile, Shell"
lappis-unb,BotFlowAPI,KahCosta,4,"{'2019-06': 2, '2019-05': 2}",3,3,0,"Python, Dockerfile, Shell"
lappis-unb,BotFlowAPI,arthurbdiniz,3,{'2019-09': 3},1,1,0,"Python, Dockerfile, Shell"
lappis-unb,BotFlowAPI,MatheusMiranda,2,"{'2019-09': 1, '2019-07': 1}",0,0,1,"Python, Dockerfile, Shell"
lappis-unb,BotFlowAPI,RochaCarla,1,{'2019-09': 1},0,0,0,"Python, Dockerfile, Shell"
lappis-unb,BotFlowAPI,ednunes,1,{'2019-09': 1},0,0,0,"Python, Dockerfile, Shell"
lappis-unb,BotFlowAPI,joaovitor3,1,{'2019-09': 1},1,1,0,"Python, Dockerfile, Shell"
lappis-unb,BotFlow,ednunes,83,"{'2019-09': 52, '2019-08': 31}",12,14,0,"JavaScript, HTML, Dockerfile, Makefile, CSS"
lappis-unb,BotFlow,gabibguedes,70,"{'2020-11': 2, '2019-10': 12, '2019-09': 6, '2019-08': 23, '2019-07': 24, '2019-06': 3}",16,22,8,"JavaScript, HTML, Dockerfile, Makefile, CSS"
lappis-unb,BotFlow,KahCosta,59,"{'2019-08': 10, '2019-07': 21, '2019-06': 28}",7,7,0,"JavaScript, HTML, Dockerfile, Makefile, CSS"
lappis-unb,BotFlow,EzequielDeOliveira,25,"{'2019-09': 6, '2019-08': 19}",5,7,3,"JavaScript, HTML, Dockerfile, Makefile, CSS"
lappis-unb,BotFlow,brunapinos,14,"{'2019-09': 3, '2019-08': 7, '2019-07': 4}",2,2,5,"JavaScript, HTML, Dockerfile, Makefile, CSS"
lappis-unb,BotFlow,rodmaia,6,"{'2021-03': 1, '2021-02': 5}",10,80,2,"JavaScript, HTML, Dockerfile, Makefile, CSS"
lappis-unb,BotFlow,arthurbdiniz,4,{'2019-09': 4},2,2,0,"JavaScript, HTML, Dockerfile, Makefile, CSS"
lappis-unb,BotFlow,BrunaNayara,4,"{'2019-07': 1, '2019-06': 3}",0,5,1,"JavaScript, HTML, Dockerfile, Makefile, CSS"
lappis-unb,BotFlow,ygortgaleno,4,{'2019-06': 4},1,3,0,"JavaScript, HTML, Dockerfile, Makefile, CSS"
lappis-unb,BotFlow,RochaCarla,2,{'2019-10': 2},1,1,0,"JavaScript, HTML, Dockerfile, Makefile, CSS"
lappis-unb,BotFlow,victorcmoura,2,"{'2019-09': 1, '2019-06': 1}",1,6,0,"JavaScript, HTML, Dockerfile, Makefile, CSS"
lappis-unb,BotFlow,MatheusMiranda,1,{'2019-07': 1},0,0,0,"JavaScript, HTML, Dockerfile, Makefile, CSS"
lappis-unb,alanaBot,arthurTemporim,146,"{'2019-10': 58, '2019-09': 27, '2019-08': 18, '2019-07': 11, '2019-06': 1, '2019-05': 10, '2019-04': 6, '2019-03': 12, '2019-01': 3}",0,0,0,"Python, Jupyter Notebook, Makefile, Shell, Dockerfile, HTML"
lappis-unb,alanaBot,joaovitor3,87,"{'2019-12': 28, '2019-11': 15, '2019-10': 6, '2019-09': 21, '2019-08': 12, '2019-07': 5}",2,12,0,"Python, Jupyter Notebook, Makefile, Shell, Dockerfile, HTML"
lappis-unb,alanaBot,pablodiegoss,33,"{'2019-10': 4, '2019-09': 7, '2019-07': 3, '2019-06': 1, '2019-05': 12, '2019-04': 6}",0,0,0,"Python, Jupyter Notebook, Makefile, Shell, Dockerfile, HTML"
lappis-unb,alanaBot,palomacmamede,23,"{'2019-09': 19, '2019-08': 2, '2019-01': 2}",1,1,0,"Python, Jupyter Notebook, Makefile, Shell, Dockerfile, HTML"
lappis-unb,alanaBot,guilacerda,19,"{'2019-09': 12, '2019-08': 6, '2019-07': 1}",0,0,0,"Python, Jupyter Notebook, Makefile, Shell, Dockerfile, HTML"
lappis-unb,alanaBot,RochaCarla,14,"{'2019-10': 1, '2019-09': 1, '2019-08': 1, '2019-07': 2, '2019-06': 2, '2019-05': 6, '2019-04': 1}",0,3,0,"Python, Jupyter Notebook, Makefile, Shell, Dockerfile, HTML"
lappis-unb,alanaBot,MatheusMiranda,7,"{'2019-09': 1, '2019-08': 5, '2019-06': 1}",0,0,0,"Python, Jupyter Notebook, Makefile, Shell, Dockerfile, HTML"
lappis-unb,alanaBot,guiaugusto,6,{'2019-04': 6},0,0,0,"Python, Jupyter Notebook, Makefile, Shell, Dockerfile, HTML"
lappis-unb,alanaBot,dudanogueira,5,{'2019-10': 5},0,0,0,"Python, Jupyter Notebook, Makefile, Shell, Dockerfile, HTML"
lappis-unb,alanaBot,joaaogui,4,{'2019-09': 4},0,0,0,"Python, Jupyter Notebook, Makefile, Shell, Dockerfile, HTML"
lappis-unb,alanaBot,pedroeagle,2,{'2019-05': 2},0,0,0,"Python, Jupyter Notebook, Makefile, Shell, Dockerfile, HTML"
lappis-unb,alanaBot,KahCosta,2,{'2019-04': 2},0,0,0,"Python, Jupyter Notebook, Makefile, Shell, Dockerfile, HTML"
lappis-unb,alanaBot,gabibguedes,2,{'2019-04': 2},0,0,0,"Python, Jupyter Notebook, Makefile, Shell, Dockerfile, HTML"
lappis-unb,alanaBot,Andreabenf,2,{'2019-04': 2},0,0,0,"Python, Jupyter Notebook, Makefile, Shell, Dockerfile, HTML"
lappis-unb,alanaBot,alexandrebarbaruiva,1,{'2019-06': 1},0,0,0,"Python, Jupyter Notebook, Makefile, Shell, Dockerfile, HTML"
lappis-unb,alanaBot,andre-filho,1,{'2019-10': 1},0,0,0,"Python, Jupyter Notebook, Makefile, Shell, Dockerfile, HTML"
lappis-unb,alanaBot,brunapinos,1,{'2019-08': 1},0,0,0,"Python, Jupyter Notebook, Makefile, Shell, Dockerfile, HTML"
lappis-unb,alanaBot,davidCarlos,1,{'2019-09': 1},0,0,0,"Python, Jupyter Notebook, Makefile, Shell, Dockerfile, HTML"
lappis-unb,alanaBot,joenio,1,{'2019-09': 1},0,0,0,"Python, Jupyter Notebook, Makefile, Shell, Dockerfile, HTML"
lappis-unb,alanaBot,victorcmoura,1,{'2019-09': 1},0,0,0,"Python, Jupyter Notebook, Makefile, Shell, Dockerfile, HTML"
lappis-unb,alanaBot,vorg-san,1,{'2019-09': 1},0,0,0,"Python, Jupyter Notebook, Makefile, Shell, Dockerfile, HTML"
lappis-unb,SMI-Slave,arthur0496,86,"{'2020-02': 3, '2020-01': 14, '2019-12': 3, '2019-11': 9, '2019-10': 9, '2019-09': 5, '2019-08': 9, '2019-07': 2, '2019-06': 1, '2019-05': 10, '2019-03': 5, '2019-02': 7, '2019-01': 9}",0,0,0,"Python, Shell, Dockerfile"
lappis-unb,SMI-Slave,andre-filho,80,"{'2020-02': 2, '2020-01': 17, '2019-12': 10, '2019-10': 1, '2019-09': 1, '2019-08': 1, '2019-06': 1, '2019-05': 1, '2019-04': 1, '2019-03': 13, '2019-02': 12, '2019-01': 13, '2018-12': 4, '2018-11': 3}",0,0,0,"Python, Shell, Dockerfile"
lappis-unb,SMI-Slave,guiaugusto,74,"{'2020-02': 3, '2020-01': 18, '2019-12': 7, '2019-11': 1, '2019-10': 1, '2019-09': 8, '2019-08': 1, '2019-07': 3, '2019-06': 6, '2019-05': 1, '2019-04': 2, '2019-03': 5, '2019-02': 9, '2019-01': 9}",0,0,1,"Python, Shell, Dockerfile"
lappis-unb,SMI-Slave,alaxalves,64,"{'2020-04': 3, '2020-03': 2, '2020-02': 1, '2020-01': 15, '2019-10': 7, '2019-09': 16, '2019-08': 4, '2019-07': 1, '2019-05': 3, '2019-03': 3, '2019-02': 2, '2019-01': 6, '2018-12': 1}",0,0,0,"Python, Shell, Dockerfile"
lappis-unb,SMI-Slave,ThalissonMelo,24,"{'2019-08': 1, '2019-03': 9, '2019-02': 3, '2019-01': 11}",0,0,0,"Python, Shell, Dockerfile"
lappis-unb,SMI-Slave,MartinsLucas,16,"{'2019-09': 1, '2019-08': 4, '2019-07': 2, '2019-06': 1, '2019-05': 1, '2019-02': 3, '2019-01': 4}",0,0,0,"Python, Shell, Dockerfile"
lappis-unb,SMI-Slave,RenatoBrittoAraujo,15,"{'2020-03': 7, '2020-02': 2, '2020-01': 3, '2019-11': 3}",0,0,0,"Python, Shell, Dockerfile"
lappis-unb,SMI-Slave,renatocoral,7,{'2020-01': 7},0,0,0,"Python, Shell, Dockerfile"
lappis-unb,SMI-Slave,gabibguedes,5,"{'2020-02': 2, '2020-01': 2, '2019-10': 1}",0,0,0,"Python, Shell, Dockerfile"
lappis-unb,SMI-Slave,arthurbdiniz,1,{'2019-09': 1},1,1,0,"Python, Shell, Dockerfile"
lappis-unb,SMI-Master,guiaugusto,143,"{'2020-03': 2, '2020-02': 13, '2020-01': 34, '2019-12': 5, '2019-11': 3, '2019-10': 27, '2019-09': 27, '2019-08': 5, '2019-06': 3, '2019-05': 7, '2019-04': 16, '2019-03': 1}",0,0,0,"Python, Shell, Dockerfile, Makefile"
lappis-unb,SMI-Master,andre-filho,98,"{'2020-03': 1, '2020-02': 10, '2020-01': 51, '2019-12': 5, '2019-11': 5, '2019-10': 1, '2019-09': 3, '2019-08': 6, '2019-05': 6, '2019-04': 10}",0,0,1,"Python, Shell, Dockerfile, Makefile"
lappis-unb,SMI-Master,alaxalves,38,"{'2020-03': 2, '2020-02': 1, '2020-01': 4, '2019-11': 3, '2019-10': 11, '2019-09': 7, '2019-08': 3, '2019-05': 5, '2019-04': 2}",0,0,0,"Python, Shell, Dockerfile, Makefile"
lappis-unb,SMI-Master,MartinsLucas,37,"{'2019-09': 1, '2019-08': 7, '2019-07': 7, '2019-06': 3, '2019-05': 3, '2019-04': 16}",0,0,0,"Python, Shell, Dockerfile, Makefile"
lappis-unb,SMI-Master,arthur0496,31,"{'2020-02': 3, '2020-01': 2, '2019-11': 5, '2019-10': 3, '2019-09': 3, '2019-05': 3, '2019-04': 12}",0,0,0,"Python, Shell, Dockerfile, Makefile"
lappis-unb,SMI-Master,ThalissonMelo,26,"{'2019-10': 1, '2019-06': 5, '2019-05': 1, '2019-04': 19}",0,0,0,"Python, Shell, Dockerfile, Makefile"
lappis-unb,SMI-Master,gabibguedes,13,"{'2020-03': 3, '2020-02': 6, '2020-01': 3, '2019-10': 1}",0,0,0,"Python, Shell, Dockerfile, Makefile"
lappis-unb,SMI-Master,victorhdcoelho,13,"{'2019-10': 4, '2019-09': 9}",0,0,0,"Python, Shell, Dockerfile, Makefile"
lappis-unb,SMI-Master,RenatoBrittoAraujo,13,"{'2020-03': 6, '2020-02': 6, '2019-11': 1}",0,0,0,"Python, Shell, Dockerfile, Makefile"
lappis-unb,SMI-Master,Lucas362,12,"{'2019-10': 2, '2019-09': 10}",0,0,0,"Python, Shell, Dockerfile, Makefile"
lappis-unb,SMI-Master,cjjcastro,10,"{'2019-11': 3, '2019-10': 5, '2019-09': 2}",0,0,0,"Python, Shell, Dockerfile, Makefile"
lappis-unb,SMI-Master,joaovitor3,5,"{'2019-11': 1, '2019-10': 3, '2019-09': 1}",0,0,0,"Python, Shell, Dockerfile, Makefile"
lappis-unb,SMI-Master,arthurbdiniz,1,{'2020-02': 1},0,0,0,"Python, Shell, Dockerfile, Makefile"
lappis-unb,SMI-Master,EzequielDeOliveira,1,{'2020-03': 1},0,0,0,"Python, Shell, Dockerfile, Makefile"
lappis-unb,SMI-Master,renatocoral,1,{'2019-09': 1},0,0,0,"Python, Shell, Dockerfile, Makefile"
lappis-unb,SMI-Front,andre-filho,153,"{'2020-03': 27, '2020-02': 35, '2020-01': 6, '2019-12': 5, '2019-11': 14, '2019-10': 14, '2019-09': 4, '2019-08': 19, '2019-07': 24, '2019-05': 1, '2018-11': 1, '2018-10': 3}",0,0,0,"Vue, JavaScript, HTML, CSS, Dockerfile, Shell"
lappis-unb,SMI-Front,alaxalves,47,"{'2020-04': 9, '2020-03': 4, '2020-02': 2, '2020-01': 3, '2019-12': 8, '2019-11': 2, '2019-10': 11, '2019-09': 1, '2019-08': 2, '2019-07': 3, '2019-05': 2}",0,0,0,"Vue, JavaScript, HTML, CSS, Dockerfile, Shell"
lappis-unb,SMI-Front,ThalissonMelo,29,"{'2019-10': 17, '2019-09': 5, '2019-08': 2, '2019-07': 4, '2019-05': 1}",0,0,0,"Vue, JavaScript, HTML, CSS, Dockerfile, Shell"
lappis-unb,SMI-Front,guiaugusto,20,"{'2019-11': 6, '2019-10': 2, '2019-08': 11, '2019-05': 1}",0,0,0,"Vue, JavaScript, HTML, CSS, Dockerfile, Shell"
lappis-unb,SMI-Front,RenatoBrittoAraujo,13,"{'2020-03': 10, '2020-02': 3}",0,0,0,"Vue, JavaScript, HTML, CSS, Dockerfile, Shell"
lappis-unb,SMI-Front,gabibguedes,11,"{'2020-04': 7, '2020-03': 2, '2019-10': 2}",0,0,0,"Vue, JavaScript, HTML, CSS, Dockerfile, Shell"
lappis-unb,SMI-Front,EzequielDeOliveira,5,"{'2020-04': 2, '2020-03': 3}",0,0,0,"Vue, JavaScript, HTML, CSS, Dockerfile, Shell"
lappis-unb,SMI-Front,arthur0496,3,"{'2020-02': 1, '2020-01': 1, '2019-11': 1}",0,0,0,"Vue, JavaScript, HTML, CSS, Dockerfile, Shell"
lappis-unb,SMI-Front,joaovitor3,3,"{'2019-11': 2, '2019-10': 1}",0,0,0,"Vue, JavaScript, HTML, CSS, Dockerfile, Shell"
lappis-unb,tcc-lappis,RochaCarla,5,"{'2019-09': 4, '2019-08': 1}",0,0,0,
lappis-unb,tcc-lappis,fabiommendes,4,{'2019-08': 4},0,0,0,
lappis-unb,tcc-lappis,MatheusRich,1,{'2019-09': 1},1,1,0,
lappis-unb,Bottis,pablodiegoss,68,"{'2019-09': 26, '2019-07': 11, '2019-06': 4, '2019-08': 9, '2019-05': 12, '2019-04': 6}",1,3,0,"Jupyter Notebook, Python, Makefile, Dockerfile, Shell"
lappis-unb,Bottis,arthurTemporim,43,"{'2019-07': 11, '2019-06': 1, '2019-05': 10, '2019-04': 6, '2019-03': 12, '2019-01': 3}",1,5,0,"Jupyter Notebook, Python, Makefile, Dockerfile, Shell"
lappis-unb,Bottis,MatheusMiranda,29,"{'2019-09': 10, '2019-08': 18, '2019-06': 1}",0,1,0,"Jupyter Notebook, Python, Makefile, Dockerfile, Shell"
lappis-unb,Bottis,RochaCarla,12,"{'2019-09': 1, '2019-08': 1, '2019-07': 2, '2019-06': 1, '2019-05': 6, '2019-04': 1}",0,1,1,"Jupyter Notebook, Python, Makefile, Dockerfile, Shell"
lappis-unb,Bottis,joaovitor3,11,"{'2019-08': 7, '2019-07': 4}",0,0,0,"Jupyter Notebook, Python, Makefile, Dockerfile, Shell"
lappis-unb,Bottis,guiaugusto,6,{'2019-04': 6},0,0,0,"Jupyter Notebook, Python, Makefile, Dockerfile, Shell"
lappis-unb,Bottis,victorcmoura,5,"{'2019-09': 1, '2019-08': 4}",2,4,0,"Jupyter Notebook, Python, Makefile, Dockerfile, Shell"
lappis-unb,Bottis,LeoSilvaGomes,4,{'2019-08': 4},0,0,0,"Jupyter Notebook, Python, Makefile, Dockerfile, Shell"
lappis-unb,Bottis,guilacerda,4,{'2019-06': 4},0,1,0,"Jupyter Notebook, Python, Makefile, Dockerfile, Shell"
lappis-unb,Bottis,rodrigocam,3,{'2019-08': 3},0,0,0,"Jupyter Notebook, Python, Makefile, Dockerfile, Shell"
lappis-unb,Bottis,Andreabenf,2,{'2019-04': 2},0,0,0,"Jupyter Notebook, Python, Makefile, Dockerfile, Shell"
lappis-unb,Bottis,gabibguedes,2,{'2019-04': 2},0,0,0,"Jupyter Notebook, Python, Makefile, Dockerfile, Shell"
lappis-unb,Bottis,KahCosta,2,{'2019-04': 2},0,0,0,"Jupyter Notebook, Python, Makefile, Dockerfile, Shell"
lappis-unb,Bottis,palomacmamede,2,{'2019-01': 2},0,0,0,"Jupyter Notebook, Python, Makefile, Dockerfile, Shell"
lappis-unb,Bottis,pedroeagle,2,{'2019-05': 2},0,0,0,"Jupyter Notebook, Python, Makefile, Dockerfile, Shell"
lappis-unb,Bottis,alexandrebarbaruiva,1,{'2019-06': 1},0,0,0,"Jupyter Notebook, Python, Makefile, Dockerfile, Shell"
lappis-unb,TechArt,RochaCarla,2,{'2020-01': 2},0,0,0,
lappis-unb,TechArt,lucianaribeiro,2,{'2020-01': 2},0,0,0,
lappis-unb,SMI-Mobile,EzequielDeOliveira,67,"{'2020-03': 3, '2020-02': 50, '2020-01': 6, '2019-12': 8}",0,0,0,"Vue, JavaScript, HTML, CSS, Dockerfile, Shell"
lappis-unb,SMI-Mobile,gabibguedes,58,"{'2020-03': 4, '2020-02': 32, '2020-01': 12, '2019-12': 10}",0,0,0,"Vue, JavaScript, HTML, CSS, Dockerfile, Shell"
lappis-unb,SMI-Mobile,alaxalves,25,"{'2020-04': 2, '2020-03': 3, '2020-02': 1, '2020-01': 17, '2019-11': 1, '2019-12': 1}",0,0,0,"Vue, JavaScript, HTML, CSS, Dockerfile, Shell"
lappis-unb,SMI-Mobile,andre-filho,2,{'2020-01': 2},0,0,0,"Vue, JavaScript, HTML, CSS, Dockerfile, Shell"
lappis-unb,SMI-Mobile,arthur0496,2,"{'2020-02': 1, '2019-11': 1}",0,0,0,"Vue, JavaScript, HTML, CSS, Dockerfile, Shell"
lappis-unb,RacialDotMap-Brazil,unorthodox123,12,"{'2013-08': 1, '2013-07': 11}",0,0,0,"Python, Processing, HTML"
lappis-unb,RacialDotMap-Brazil,zynphull,3,{'2015-10': 3},0,0,0,"Python, Processing, HTML"
lappis-unb,guardioes-api,Foxtrot40,81,"{'2019-09': 5, '2019-08': 10, '2019-06': 8, '2019-05': 9, '2019-04': 4, '2019-03': 19, '2019-02': 26}",0,0,0,"JavaScript, Ruby, HTML, CSS, Dockerfile, Shell"
lappis-unb,guardioes-api,ViniciusPuerto,43,"{'2020-03': 16, '2019-08': 1, '2019-05': 9, '2019-04': 4, '2019-02': 13}",0,0,0,"JavaScript, Ruby, HTML, CSS, Dockerfile, Shell"
lappis-unb,guardioes-api,proepidev,0,{},0,0,0,"JavaScript, Ruby, HTML, CSS, Dockerfile, Shell"
lappis-unb,guardioes-app,ViniciusPuerto,2,{'2020-03': 2},0,0,0,"JavaScript, Objective-C, Ruby, Java, Starlark"
lappis-unb,guardioes-app,gabrieldouurado,2,{'2020-03': 2},0,0,0,"JavaScript, Objective-C, Ruby, Java, Starlark"
lappis-unb,guardioes-web,ViniciusPuerto,17,"{'2019-09': 1, '2019-08': 5, '2019-07': 1, '2019-05': 6, '2019-03': 3, '2019-02': 1}",0,0,0,"JavaScript, HTML, CSS"
lappis-unb,guardioes-web,Foxtrot40,11,"{'2019-09': 3, '2019-08': 8}",0,0,0,"JavaScript, HTML, CSS"
lappis-unb,guardioes-web,guilacerda,8,"{'2020-04': 3, '2020-03': 5}",0,0,0,"JavaScript, HTML, CSS"
lappis-unb,guardioes-web,gabrieldouurado,5,"{'2020-04': 1, '2020-03': 4}",0,0,0,"JavaScript, HTML, CSS"
lappis-unb,guardioes-web,proepidev,1,{'2019-09': 1},0,0,0,"JavaScript, HTML, CSS"
lappis-unb,guardioes-web,RochaCarla,2,"{'2020-04': 1, '2020-03': 1}",0,0,0,"JavaScript, HTML, CSS"
lappis-unb,chatbot-bpmn-editor,jvitor83,46,"{'2020-11': 7, '2020-10': 39}",0,0,0,"TypeScript, JavaScript, SCSS, HTML"
lappis-unb,bombaim,hugonxc,52,"{'2020-12': 10, '2020-11': 27, '2020-10': 3, '2020-09': 11, '2020-04': 1}",0,0,0,"JavaScript, Python, CSS, HTML, Dockerfile"
lappis-unb,automated_accessibility_testing,RomeuCarvalhoAntunes,10,"{'2020-11': 6, '2020-10': 3, '2020-09': 1}",0,0,0,"Python, HTML, CSS, Shell"
lappis-unb,rasa-brasil,arthurTemporim,6,{'2021-05': 6},0,0,0,
lappis-unb,BigSibling,BrunaNayara,91,"{'2021-04': 1, '2021-03': 10, '2021-02': 12, '2020-11': 32, '2020-10': 5, '2020-09': 23, '2020-07': 8}",0,0,0,
lappis-unb,BigSibling,Joranhezon,31,"{'2021-03': 1, '2020-11': 1, '2020-10': 14, '2020-09': 15}",0,0,0,
lappis-unb,BigSibling,RafaellaJunqueira,22,"{'2021-04': 1, '2020-10': 14, '2020-09': 7}",0,0,0,
lappis-unb,BigSibling,naiieandrade,19,"{'2021-05': 1, '2020-10': 18}",0,0,0,
lappis-unb,BigSibling,RochaCarla,17,"{'2021-03': 10, '2020-11': 1, '2020-08': 4, '2020-07': 1, '2020-05': 1}",0,0,0,
lappis-unb,BigSibling,giovanadionisio,15,"{'2020-10': 3, '2020-09': 12}",0,0,0,
lappis-unb,BigSibling,carolinaferreira,12,"{'2020-10': 1, '2020-08': 10, '2020-07': 1}",0,0,0,
lappis-unb,BigSibling,mariav-flor,10,"{'2020-10': 6, '2020-09': 4}",0,0,0,
lappis-unb,BigSibling,emmenezes,4,"{'2021-05': 1, '2021-04': 3}",0,0,0,
lappis-unb,BigSibling,jufajardini,4,"{'2021-04': 2, '2021-03': 2}",0,0,0,
lappis-unb,BigSibling,ludimila,2,"{'2021-04': 1, '2021-02': 1}",0,0,0,
lappis-unb,BigSibling,dehatanes,1,{'2020-08': 1},0,0,0,
lappis-unb,realtimecardgame,thamipontes,10,"{'2020-10': 7, '2020-09': 3}",0,0,0,C#
lappis-unb,realtimecardgame,pedrodelyra,3,"{'2020-11': 1, '2020-09': 2}",0,0,0,C#
lappis-unb,realtimecardgame,RochaCarla,2,"{'2020-10': 1, '2020-09': 1}",0,0,0,C#
lappis-unb,realtimecardgame,silvasara,2,{'2020-09': 2},0,0,0,C#
lappis-unb,realtimecardgame,gravelylara,1,{'2020-09': 1},0,0,0,C#
lappis-unb,agilebrazil-site-2021,centeno,100,"{'2021-10': 8, '2021-09': 22, '2021-08': 15, '2021-07': 18, '2021-06': 4, '2021-05': 33}",0,0,0,"CSS, HTML, SCSS, Ruby, Makefile"
lappis-unb,agilebrazil-site-2021,ceci,17,"{'2021-10': 2, '2021-09': 2, '2021-07': 6, '2021-05': 7}",0,0,0,"CSS, HTML, SCSS, Ruby, Makefile"
lappis-unb,agilebrazil-site-2021,ronaldocosta,12,"{'2021-10': 3, '2021-09': 6, '2021-08': 3}",0,0,0,"CSS, HTML, SCSS, Ruby, Makefile"
lappis-unb,agilebrazil-site-2021,francisco1code,4,{'2021-06': 4},0,0,0,"CSS, HTML, SCSS, Ruby, Makefile"
lappis-unb,agilebrazil-site-2021,RochaCarla,1,{'2021-07': 1},0,0,0,"CSS, HTML, SCSS, Ruby, Makefile"
lappis-unb,terraform-assignment,arthurbdiniz,1,{'2021-06': 1},0,0,0,Makefile
lappis-unb,terraform-assignment-arthurbdiniz,github-classroom[bot],0,{},1,1,0,Makefile
lappis-unb,pandera,cosmicBboy,246,"{'2021-09': 4, '2021-08': 3, '2021-07': 13, '2021-06': 4, '2021-05': 3, '2021-04': 6, '2021-03': 4, '2021-02': 11, '2021-01': 7, '2020-12': 13, '2020-11': 2, '2020-10': 15, '2020-09': 7, '2020-08': 2, '2020-07': 7, '2020-06': 11, '2020-05': 8, '2020-04': 6, '2020-03': 18, '2020-02': 2, '2020-01': 5, '2019-12': 2, '2019-11': 9, '2019-10': 5, '2019-09': 15, '2019-08': 12, '2019-06': 13, '2019-05': 5, '2018-12': 8, '2018-11': 26}",0,0,0,"Python, Makefile"
lappis-unb,pandera,mastersplinter,31,"{'2020-01': 11, '2019-12': 1, '2019-11': 1, '2019-09': 1, '2019-08': 3, '2019-06': 8, '2019-05': 5, '2019-04': 1}",0,0,0,"Python, Makefile"
lappis-unb,pandera,cristianmatache,7,{'2021-07': 7},0,0,0,"Python, Makefile"
lappis-unb,pandera,ralbertazzi,3,{'2019-04': 3},0,0,0,"Python, Makefile"
lappis-unb,pandera,antonl,2,{'2021-05': 2},0,0,0,"Python, Makefile"
lappis-unb,pandera,ferhah,2,{'2020-10': 2},0,0,0,"Python, Makefile"
lappis-unb,pandera,m1so,2,"{'2020-11': 1, '2020-10': 1}",0,0,0,"Python, Makefile"
lappis-unb,pandera,baskervilski,2,{'2020-06': 2},0,0,0,"Python, Makefile"
lappis-unb,pandera,chr1st1ank,2,"{'2020-01': 1, '2019-08': 1}",0,0,0,"Python, Makefile"
lappis-unb,pandera,TheCleric,1,{'2020-10': 1},0,0,0,"Python, Makefile"
lappis-unb,pandera,Aditya1001001,1,{'2020-06': 1},0,0,0,"Python, Makefile"
lappis-unb,pandera,amitripshtos,1,{'2020-10': 1},0,0,0,"Python, Makefile"
lappis-unb,pandera,admackin,1,{'2021-07': 1},0,0,0,"Python, Makefile"
lappis-unb,pandera,c3-Anthony-Truchet,1,{'2020-06': 1},0,0,0,"Python, Makefile"
lappis-unb,pandera,d33bs,0,{},0,0,0,"Python, Makefile"
lappis-unb,pandera,ericmjl,1,{'2020-09': 1},0,0,0,"Python, Makefile"
lappis-unb,pandera,JacobHayes,1,{'2020-09': 1},0,0,0,"Python, Makefile"
lappis-unb,pandera,kvnkho,1,{'2021-09': 1},0,0,0,"Python, Makefile"
lappis-unb,pandera,mattHawthorn,1,{'2021-07': 1},0,0,0,"Python, Makefile"
lappis-unb,pandera,probberechts,1,{'2021-01': 1},0,0,0,"Python, Makefile"
lappis-unb,pandera,staylorx,1,{'2020-06': 1},0,0,0,"Python, Makefile"
lappis-unb,pandera,sunho,1,{'2020-04': 1},0,0,0,"Python, Makefile"
lappis-unb,pandera,TColl,1,{'2021-07': 1},0,0,0,"Python, Makefile"
lappis-unb,pandera,vinisalazar,1,{'2021-07': 1},0,0,0,"Python, Makefile"
lappis-unb,pandera,vshulyak,1,{'2020-08': 1},0,0,0,"Python, Makefile"
lappis-unb,pandera,zacharylawrence,1,{'2019-10': 1},0,0,0,"Python, Makefile"
lappis-unb,pandera,areeh,1,{'2020-10': 1},0,0,0,"Python, Makefile"
lappis-unb,pandera,jekwatt,1,{'2021-05': 1},0,0,0,"Python, Makefile"
lappis-unb,pandera,jespercodes,1,{'2021-01': 1},0,0,0,"Python, Makefile"
lappis-unb,pandera,abyz0123,0,{},0,0,0,"Python, Makefile"
lappis-unb,pandera,kunifu,0,{},0,0,0,"Python, Makefile"
lappis-unb,pandera,tfwillems,1,{'2021-03': 1},0,0,0,"Python, Makefile"
lappis-unb,hygia,LeoSilvaGomes,35,"{'2023-02': 1, '2023-01': 23, '2022-12': 11}",0,0,0,"Python, Batchfile, Makefile"
lappis-unb,hygia,Bruno-Felix,20,{'2023-01': 20},0,0,0,"Python, Batchfile, Makefile"
lappis-unb,hygia,apmt,12,"{'2023-02': 7, '2023-01': 4, '2022-12': 1}",0,0,0,"Python, Batchfile, Makefile"
lappis-unb,hygia,RochaCarla,7,"{'2023-05': 2, '2023-02': 4, '2022-12': 1}",0,0,0,"Python, Batchfile, Makefile"
lappis-unb,hygia,alvesisaque,7,"{'2023-02': 2, '2023-01': 1, '2022-12': 4}",0,0,0,"Python, Batchfile, Makefile"
lappis-unb,hygia,francisco1code,7,"{'2023-01': 2, '2022-12': 5}",0,0,0,"Python, Batchfile, Makefile"
lappis-unb,hygia,AnHoff,4,"{'2023-06': 3, '2023-05': 1}",0,0,0,"Python, Batchfile, Makefile"
lappis-unb,hygia,lucasgcaldas,4,"{'2023-06': 3, '2023-05': 1}",0,0,0,"Python, Batchfile, Makefile"
lappis-unb,hygia,isabellacgmsa,3,"{'2023-06': 1, '2023-05': 2}",0,0,0,"Python, Batchfile, Makefile"
lappis-unb,hygia,edudsan,2,"{'2023-06': 1, '2023-05': 1}",0,0,0,"Python, Batchfile, Makefile"
lappis-unb,hygia,ArturVinicius,1,{'2023-05': 1},0,0,0,"Python, Batchfile, Makefile"
lappis-unb,hygia,Percon12,1,{'2023-06': 1},0,0,0,"Python, Batchfile, Makefile"